Ano,nivel_geografico,IdServicio_master,servicio_salud_master,IdComuna_master,comuna_master,15_19_numerador,20_24_numerador,25_29_numerador,30_34_numerador,35_39_numerador,40_44_numerador,45_49_numerador,50_54_numerador,55_59_numerador,60_64_numerador,65_mas_numerador,total_15_mas_numerador,15_19_denominador,20_24_denominador,25_29_denominador,30_34_denominador,35_39_denominador,40_44_denominador,45_49_denominador,50_54_denominador,55_59_denominador,60_64_denominador,65_mas_denominador,total_15_mas_denominador,15_19_cobertura_pct,20_24_cobertura_pct,25_29_cobertura_pct,30_34_cobertura_pct,35_39_cobertura_pct,40_44_cobertura_pct,45_49_cobertura_pct,50_54_cobertura_pct,55_59_cobertura_pct,60_64_cobertura_pct,65_mas_cobertura_pct,total_15_mas_cobertura_pct
2023,comuna,9,Servicio de Salud Metropolitano Norte,13104,Conchalí,17591,18,1084,1199,1209,1019,943,843,807,712,6754,17591,7342,8254,9130,9014,7551,6993,6785,7186,7848,6941,20962,98006,239.59411604467448,0.21807608432275258,11.872946330777657,13.301530951852675,16.011124354390148,14.571714571714573,13.898305084745763,11.73114389089897,10.282874617737004,10.257887912404552,32.22020799542029,17.94890108768851
2023,comuna,9,Servicio de Salud Metropolitano Norte,13107,Huechuraba,12468,20,970,1210,1115,884,802,709,766,667,4049,12468,4847,5487,5963,5847,4751,4222,4590,5052,4845,3687,9968,59259,257.23127707860533,0.3644979041370512,16.266979708200573,20.6943731828288,23.46874342243738,20.937944102321175,17.47276688453159,14.034045922406968,15.810113519091848,18.090588554380254,40.619983948635635,21.039842049308966
2023,comuna,9,Servicio de Salud Metropolitano Norte,13108,Independencia,7154,40,252,443,503,528,448,424,331,259,2710,7154,4427,4937,6911,7649,6698,5691,4876,4387,4333,4055,11585,65549,161.59927716286424,0.8102086287218958,3.6463608739690354,5.791606745979867,7.509704389369961,9.277807063784923,9.187858900738311,9.664919079097332,7.63904915762751,6.3871763255240435,23.39231765213638,10.913972753207524
2023,comuna,9,Servicio de Salud Metropolitano Norte,13125,Quilicura,17438,14,1563,1663,1648,1462,1321,1132,1118,870,5622,17438,10998,12135,12813,12965,11017,10010,9838,10280,9829,8269,14547,122701,158.5561011092926,0.11536876802637,12.19854834933271,12.82684149633629,14.958700190614504,14.605394605394606,13.42752591990242,11.011673151750973,11.374504018720113,10.52122384810739,38.64714374097752,14.211783115052038
2023,comuna,9,Servicio de Salud Metropolitano Norte,13127,Recoleta,17436,72,1072,1212,1222,1157,1050,916,886,683,6571,17436,7504,8574,10036,10181,8920,8275,7937,7501,7652,6866,18943,102389,232.35607675906184,0.8397480755773268,10.681546432841769,11.90452804243198,13.699551569506726,13.981873111782479,13.22917979085297,12.21170510598587,11.578672242550967,9.947567725021846,34.68827535237291,17.029173055699342
2023,comuna,9,Servicio de Salud Metropolitano Norte,13301,Colina,16025,198,1345,1616,1760,1626,1501,1286,1078,775,4087,16025,7791,8345,9336,9817,8357,7835,7183,6933,6234,5062,9919,86812,205.6860480041073,2.372678250449371,14.406598114824337,16.461240704899662,21.060189063060907,20.753031269942564,20.896561325351524,18.54896870041829,17.292268206608917,15.310154089292768,41.2037503780623,18.45942957194858
2023,comuna,9,Servicio de Salud Metropolitano Norte,13302,Lampa,9399,133,886,1061,1171,936,803,627,461,352,2361,9399,5731,5702,6159,6433,5362,4931,4463,4306,4080,3405,6598,57170,164.00279183388588,2.332514907050158,14.38545218379607,16.49308254313695,21.83886609474077,18.981950922733727,17.992381805960118,14.561077566186716,11.299019607843137,10.337738619676946,35.78357077902395,16.440440790624454
2023,comuna,9,Servicio de Salud Metropolitano Norte,13303,Tiltil,987,21,67,86,98,63,91,79,51,48,296,987,991,1139,1187,1127,930,829,869,882,995,842,1876,11667,99.59636730575177,1.8437225636523267,5.644481887110362,7.630878438331854,10.53763440860215,7.599517490952954,10.47180667433832,8.956916099773244,5.125628140703518,5.7007125890736345,15.778251599147122,8.45975829262021
2023,comuna,10,Servicio de Salud Metropolitano Occidente,13103,Cerro Navia,12125,94,943,1040,1021,808,698,631,633,537,4272,12125,7993,9155,10726,10523,8634,8100,8331,8693,8270,6677,16617,103719,151.69523332916302,1.026761332605134,8.791721051650196,9.883113180651906,11.825341672457727,9.975308641975309,8.378345936862322,7.2587139077418605,7.654171704957678,8.042534072188108,25.70861166275501,11.690239975317926
2023,comuna,10,Servicio de Salud Metropolitano Occidente,13117,Lo Prado,18566,209,1469,1612,1665,1436,1234,1222,1052,887,5482,18566,7803,9003,10198,10474,8593,8179,8793,8935,8742,7343,20208,108271,237.9341278995258,2.32144840608686,14.4047852520102,15.390490738972694,19.37623647154661,17.557158576843136,14.033890594791313,13.676552881925014,12.033859528711965,12.079531526623995,27.127870150435474,17.147712683913515
2023,comuna,10,Servicio de Salud Metropolitano Occidente,13124,Pudahuel,28403,766,1884,2244,2407,2029,1928,1725,1739,1741,9352,28403,13621,14843,16955,16888,13848,13090,13016,13173,14837,12898,25987,169156,208.5236032596726,5.160681802870039,11.111766440578002,13.287541449549975,17.38157134604275,15.500381970970206,14.812538414259373,13.094966977909362,11.72069825436409,13.498216777795008,35.98722438142148,16.7910094823713
2023,comuna,10,Servicio de Salud Metropolitano Occidente,13126,Quinta Normal,13394,190,930,985,868,707,593,523,512,424,5428,13394,5322,6393,7703,7898,6768,6041,5862,5481,5847,5401,14473,77189,251.67230364524613,2.972000625684342,12.073218226664936,12.471511775132946,12.825059101654846,11.703360370799537,10.116001364721939,9.542054369640576,8.756627330254831,7.85039807443066,37.50431838596006,17.35221339828214
2023,comuna,10,Servicio de Salud Metropolitano Occidente,13128,Renca,16794,570,1240,1379,1403,1235,1106,956,944,755,5434,16794,9060,10178,10586,10280,9004,9100,8885,8477,7942,7100,17360,107972,185.36423841059602,5.600314403615641,11.713583978839976,13.414396887159533,15.581963571745892,13.571428571428571,12.44794597636466,11.277574613660493,11.886174767061194,10.633802816901408,31.30184331797235,15.554032526951431
2023,comuna,10,Servicio de Salud Metropolitano Occidente,13501,Melipilla,11148,49,904,1028,1177,939,826,619,531,396,3520,11148,7491,8684,9001,9354,7983,7486,6905,6816,7204,6535,16124,93583,148.8185822987585,0.5642561031782589,10.04332851905344,10.98995082317725,14.743830640110234,12.543414373497194,11.962346125995655,9.081572769953052,7.370905052748474,6.0596786534047435,21.830811213098485,11.912419990810296
2023,comuna,10,Servicio de Salud Metropolitano Occidente,13502,Alhué,1271,11,84,134,140,94,83,55,50,39,459,1271,377,441,643,703,566,505,462,450,445,404,970,5966,337.1352785145889,2.494331065759637,13.063763608087092,19.06116642958748,24.73498233215548,18.613861386138613,17.965367965367964,12.222222222222221,11.235955056179774,9.653465346534654,47.319587628865975,21.304056319141804
2023,comuna,10,Servicio de Salud Metropolitano Occidente,13503,Curacaví,1024,5,40,44,62,65,49,42,39,40,488,1024,85,78,93,100,115,91,75,80,89,107,289,1202,1204.7058823529412,6.41025641025641,43.01075268817204,44.0,53.91304347826087,71.42857142857143,65.33333333333333,52.5,43.82022471910113,37.38317757009346,168.85813148788927,85.19134775374376
2023,comuna,10,Servicio de Salud Metropolitano Occidente,13504,Maria Pinto,2070,17,122,137,121,130,110,110,86,78,870,2070,1036,1010,1100,1254,1060,984,906,965,1026,872,2120,12333,199.8069498069498,1.6831683168316833,11.090909090909092,10.925039872408293,11.415094339622641,13.211382113821138,12.141280353200882,11.398963730569948,8.382066276803119,8.944954128440367,41.0377358490566,16.78423741182194
2023,comuna,10,Servicio de Salud Metropolitano Occidente,13505,San Pedro,1103,7,62,73,104,112,108,74,76,52,344,1103,815,1026,1152,1013,921,769,707,692,669,653,1781,10198,135.33742331288343,0.682261208576998,5.381944444444445,7.206317867719644,11.292073832790445,14.564369310793237,15.275813295615276,10.69364161849711,11.360239162929746,7.9632465543644715,19.3149915777653,10.815846244361639
2023,comuna,10,Servicio de Salud Metropolitano Occidente,13601,Talagante,6425,25,369,587,556,526,485,406,332,313,2149,6425,3874,4131,4597,4645,3804,3481,3360,3521,3856,3474,7489,46232,165.8492514197212,0.6051803437424352,8.026974113552317,12.637244348762112,14.616193480546794,15.11060040218328,14.434523809523808,11.530815109343937,8.609958506224066,9.0097869890616,28.695419949258916,13.89730057103305
2023,comuna,10,Servicio de Salud Metropolitano Occidente,13602,El Monte,3490,22,266,250,324,273,248,226,206,166,1136,3490,2180,2364,2528,2685,2447,2168,2054,2011,2118,1804,4009,26368,160.09174311926606,0.9306260575296108,10.522151898734178,9.31098696461825,13.240702901512055,12.592250922509225,12.074001947419669,11.238189955246146,9.726156751652502,9.201773835920177,28.33624345223248,13.235740291262136
2023,comuna,10,Servicio de Salud Metropolitano Occidente,13603,Isla de Maipo,3587,12,228,244,282,273,244,200,170,152,1384,3587,2300,2395,2580,2728,2362,2110,2141,2094,2248,1910,4311,27179,155.95652173913044,0.5010438413361169,8.837209302325581,8.944281524926687,11.939034716342082,12.938388625592417,11.396543671181691,9.551098376313275,7.562277580071175,7.958115183246073,32.10392020412897,13.197689392545717
2023,comuna,10,Servicio de Salud Metropolitano Occidente,13604,Padre Hurtado,6582,140,482,519,565,498,442,374,327,296,2301,6582,3453,3801,4024,4068,3478,3239,3234,3187,3363,2724,6401,40972,190.61685490877497,3.683241252302026,11.978131212723659,12.75811209439528,16.244968372627948,15.375115776474221,13.667285095856524,11.735174144963915,9.723461195361285,10.866372980910425,35.94750820184346,16.06462950307527
2023,comuna,10,Servicio de Salud Metropolitano Occidente,13605,Peñaflor,9442,51,582,676,760,676,626,622,532,478,3324,9442,5523,5966,6300,5917,4973,4768,5157,5257,5131,4537,10706,64235,170.95781278290784,0.8548441166610795,9.238095238095239,11.424708467128612,15.282525638447616,14.177852348993289,12.138840411091719,11.831843256610233,10.368349249658936,10.535596208948645,31.0480104614235,14.699151552891726
2023,comuna,11,Servicio de Salud Metropolitano Central,13101,Santiago,27799,118,1371,1968,2276,2056,1917,1705,1694,1535,9983,27799,12639,13399,18351,22362,20405,17763,15092,13184,13115,12530,34071,192911,219.94619827518,0.8806627360250764,7.470982507765244,8.800643949557285,11.154128889977946,11.57462140404211,12.702093824542803,12.932342233009708,12.91650781547846,12.250598563447726,29.300578204338002,14.410272094385492
2023,comuna,11,Servicio de Salud Metropolitano Central,13102,Cerrillos,5494,317,291,327,333,285,288,234,289,240,2076,5494,3164,3387,3300,3234,2700,2488,2586,2788,3056,2696,8064,37463,173.6409608091024,9.359315028048421,8.818181818181818,10.111317254174397,12.333333333333334,11.454983922829582,11.1368909512761,8.393113342898136,9.456806282722512,8.902077151335313,25.744047619047617,14.665136267784215
2023,comuna,11,Servicio de Salud Metropolitano Central,13106,Estación Central,9856,56,531,822,921,757,601,578,566,576,3079,9856,5078,6015,8355,8874,6887,5458,4612,4693,5064,4446,11598,71080,194.09216226860968,0.9310058187863673,6.355475763016158,9.263015551048005,13.373021634964427,13.869549285452546,13.03122289679098,12.316215640315363,11.17693522906793,12.955465587044534,26.54768063459217,13.866066404051772
2023,comuna,11,Servicio de Salud Metropolitano Central,13119,Maipú,42723,324,2851,3017,3014,2707,2469,2199,2259,2438,17151,42723,19067,21168,21665,20126,16034,14600,14730,16563,20662,20435,46906,231956,224.06776105312844,1.530612244897959,13.15947380567736,14.990559475305576,18.797555195210176,18.541095890410958,16.76171079429735,13.276580329650425,10.933113928951698,11.930511377538537,36.564618598899926,18.418579385745574
2023,comuna,12,Servicio de Salud Metropolitano Oriente,13113,La Reina,6467,11,299,279,296,256,273,300,337,289,2728,6467,2075,2732,2835,2906,2415,2312,2534,2760,2916,2619,8921,35025,311.66265060240966,0.40263543191800877,10.54673721340388,9.600825877494838,12.256728778467908,11.072664359861593,10.773480662983426,10.869565217391305,11.55692729766804,11.034746086292477,30.579531442663377,18.46395431834404
2023,comuna,12,Servicio de Salud Metropolitano Oriente,13114,Las Condes,13903,242,529,559,593,538,534,628,647,650,5538,13903,3187,3806,4320,4794,4460,4444,4862,5624,6241,6093,21564,69395,436.2409789770944,6.358381502890173,12.24537037037037,11.66040884438882,13.29596412556054,12.106210621062106,10.983134512546277,11.16642958748222,10.366928376862681,10.667979648777285,25.681691708402894,20.034584624252467
2023,comuna,12,Servicio de Salud Metropolitano Oriente,13115,Lo Barnechea,4762,40,228,265,306,278,290,294,260,227,2022,4762,2357,2489,3006,3170,2901,3073,3183,3539,3726,3095,5643,36182,202.0364870598218,1.6070711128967456,7.584830339321358,8.3596214511041,10.548086866597725,9.046534331272372,9.110901665095822,8.307431477818593,6.977992485238863,7.334410339256866,35.83200425305689,13.161240395776904
2023,comuna,12,Servicio de Salud Metropolitano Oriente,13118,Macul,19540,118,1296,1442,1521,1292,1103,1078,1032,1014,6555,19540,6389,7913,9838,9850,8398,7871,7817,7708,8001,7256,20179,101220,305.83815933635935,1.4912169847087071,13.173409229518196,14.639593908629442,18.111455108359134,16.414686825053995,14.110272483049762,13.985469641930463,12.89838770153731,13.974641675854466,32.48426582090292,19.304485279589016
2023,comuna,12,Servicio de Salud Metropolitano Oriente,13120,Ñuñoa,14738,22,814,945,1035,882,787,629,594,591,5621,14738,3394,4042,4983,5440,4955,4782,4549,4481,5212,5846,20689,68373,434.23688862698884,0.5442850074220682,16.335540838852097,17.371323529411764,20.887991927346114,18.444165621079048,17.30050560562761,14.03704530238786,11.396776669224867,10.109476565172768,27.169027019188942,21.555292293741683
2023,comuna,12,Servicio de Salud Metropolitano Oriente,13122,Peñalolén,30711,834,2037,2183,2150,1784,1750,1725,1676,1371,11484,30711,13480,15178,17492,17260,13943,13909,14393,14580,13582,10873,28733,173423,227.82640949554897,5.494795098168401,11.64532357649211,12.647740440324451,15.419923976188768,12.826227622402762,12.158688251233238,11.831275720164609,12.339861581504934,12.609215487905823,39.96798106706574,17.7087237563645
2023,comuna,12,Servicio de Salud Metropolitano Oriente,13123,Providencia,12892,104,444,669,784,714,645,593,577,541,5281,12892,2345,3346,4141,4924,4580,4510,4271,4102,4461,4657,17383,58720,549.7654584221748,3.1081888822474597,10.722047814537552,13.586515028432169,17.117903930131003,15.831485587583149,15.101849683914775,14.456362749878107,12.934319659269223,11.616920764440627,30.380256572513375,21.955040871934607
2023,comuna,12,Servicio de Salud Metropolitano Oriente,13132,Vitacura,4335,0,149,147,176,198,237,277,362,310,1702,4335,627,595,735,848,943,1143,1472,1732,1898,1747,5102,16842,691.3875598086124,0.0,20.272108843537413,17.33490566037736,18.66383881230117,17.322834645669293,16.10054347826087,15.993071593533486,19.072708113804005,17.74470520892959,33.359466875735,25.739223370146064
2023,comuna,13,Servicio de Salud Metropolitano Sur,13105,El Bosque,27950,172,2432,2574,2699,2179,1935,1560,1387,1229,8865,27950,11859,13555,14728,14991,12653,11624,10621,10792,11232,9928,23161,145144,235.68597689518512,1.268904463297676,16.512764801738186,17.170302181308784,21.33090966569193,18.745698554714384,18.218623481781375,14.455151964418086,12.348646723646723,12.379129734085414,38.27554941496481,19.25673813592019
2023,comuna,13,Servicio de Salud Metropolitano Sur,13109,La Cisterna,11464,0,731,963,1017,878,768,603,556,471,4035,11464,3854,4414,5329,5625,4834,4272,3880,3907,3995,4036,12344,56490,297.4571873378308,0.0,13.717395383749295,17.119999999999997,21.038477451386015,20.55243445692884,19.79381443298969,15.433836703352958,13.917396745932415,11.669970267591676,32.68794556059624,20.293857319879624
2023,comuna,13,Servicio de Salud Metropolitano Sur,13116,Lo Espejo,9950,5,798,992,1028,759,592,470,513,538,3380,9950,5874,6957,8169,8481,6763,5887,5276,5723,6498,6637,13204,79469,169.3905345590739,0.07187005893344833,9.768637532133676,11.696733875722202,15.200354872098181,12.892814676405639,11.220621683093253,8.212475974139437,7.894736842105263,8.106072020491185,25.598303544380492,12.520605519133246
2023,comuna,13,Servicio de Salud Metropolitano Sur,13121,Pedro Aguirre Cerda,19768,887,1479,1631,1753,1421,1286,1000,864,931,6438,19768,6193,7479,8805,9226,7713,7176,6450,6547,7729,7889,17431,92638,319.19909575326983,11.85987431474796,16.797274275979557,17.678300455235206,22.727862051082585,19.80211817168339,19.93798449612403,15.274171376202842,11.178677707336007,11.801242236024844,36.934197693763984,21.338975366480277
2023,comuna,13,Servicio de Salud Metropolitano Sur,13129,San Joaquín,14524,181,1007,1119,1281,973,933,748,709,699,4858,14524,4904,6257,7518,7648,6453,5913,5378,5803,6238,5753,14850,76715,296.1663947797716,2.8927601086782806,13.394519819100825,14.631276150627615,19.8512319851232,16.455268053441568,17.348456675343993,12.889884542478027,11.365822378967618,12.150182513471233,32.71380471380471,18.932412174933194
2023,comuna,13,Servicio de Salud Metropolitano Sur,13130,San Miguel,15324,3,1090,1316,1488,1118,996,789,749,686,5287,15324,4356,5223,7047,7959,6791,5853,4948,4757,5423,5485,15103,72945,351.7906336088154,0.05743825387708214,15.467574854548035,16.534740545294635,21.91135326166986,19.101315564667694,20.129345189975748,16.58608366617616,13.811543426147887,12.506836827711943,35.006290141031585,21.00760847213654
2023,comuna,13,Servicio de Salud Metropolitano Sur,13401,San Bernardo,31077,71,2819,3167,3151,2677,2353,1835,1722,1312,9877,31077,17315,18951,19597,19258,16233,15499,15058,15638,15091,13604,29599,195843,179.48021946289344,0.3746504142261622,14.384854824718069,16.445113718973932,19.411076202796774,17.272082069810956,15.626245185283572,11.734237114720553,11.410774633887748,9.644222287562481,33.36937058684415,15.868323095540815
2023,comuna,13,Servicio de Salud Metropolitano Sur,13402,Buin,13489,16,1074,1180,1422,1218,1085,818,684,540,4245,13489,6223,6901,7111,7874,6705,6382,5775,5794,5612,4916,10494,73787,216.76040494938132,0.23185045645558616,15.103360990015469,14.986029972059944,21.20805369127517,19.084926355374492,18.787878787878785,14.118053158439764,12.188168210976478,10.984540276647682,40.45168667810177,18.280998007779147
2023,comuna,13,Servicio de Salud Metropolitano Sur,13403,Calera de Tango,3049,17,216,279,260,226,215,217,190,150,1014,3049,1283,1320,1456,1503,1243,1240,1168,1234,1233,1113,2455,15248,237.64614185502725,1.2878787878787878,14.835164835164836,18.562874251497004,20.91713596138375,18.225806451612904,18.40753424657534,17.58508914100486,15.4095701540957,13.477088948787062,41.30346232179226,19.996065057712485
2023,comuna,13,Servicio de Salud Metropolitano Sur,13404,Paine,10084,11,856,1030,1030,916,800,631,530,544,3150,10084,4589,4989,5374,5523,4853,4730,4323,4380,4428,3677,8156,55022,219.7428633689257,0.220485067147725,15.928544845552661,18.649284808980624,21.2239851638162,19.365750528541227,18.505667360629193,14.406392694063927,11.969286359530262,14.79466956758227,38.621873467385974,18.327214568717967
2023,comuna,14,Servicio de Salud Metropolitano Sur Oriente,13110,La Florida,36241,224,2505,2756,2761,2257,1863,1483,1248,1097,15345,36241,19385,22949,26132,26450,22795,20893,19788,19583,20458,20737,56317,275487,186.9538302811452,0.9760773889929844,9.585948262666461,10.419659735349716,12.112305330116254,10.802661178385105,9.414796846573681,7.572894857784814,6.100303059927657,5.290061243188504,27.247545146225825,13.155248705020565
2023,comuna,14,Servicio de Salud Metropolitano Sur Oriente,13111,La Granja,14288,72,1248,1296,1301,1079,946,743,600,556,5128,14288,9889,11092,11961,12294,11045,10239,9308,8620,9456,9557,19587,123048,144.48376984528264,0.6491164803461955,10.433910208176574,10.54172767203514,11.779085559076504,10.538138490086922,10.163300386764075,8.619489559164734,6.345177664974619,5.817725227581877,26.180630009700312,11.61172875625772
2023,comuna,14,Servicio de Salud Metropolitano Sur Oriente,13112,La Pintana,16886,520,1243,1256,1323,1079,1087,922,800,685,6607,16886,11892,12514,12885,12774,10950,10724,10049,9433,9604,8632,19413,128870,141.99461823074336,4.155346012466038,9.646876212650369,9.832472209174886,12.082191780821917,10.061544199925402,10.816996716091154,9.774196968090745,8.329862557267804,7.935588507877664,34.03389481275434,13.103127182431908
2023,comuna,14,Servicio de Salud Metropolitano Sur Oriente,13131,San Ramón,11061,140,1036,876,927,745,712,684,682,594,3400,11061,5037,5887,6151,5888,4743,4772,5196,5735,5503,4157,12510,65579,219.59499702203692,2.3781212841854935,16.842789790278005,14.87771739130435,19.54459203036053,15.611902766135794,13.702848344880678,11.926765475152571,12.393240050881339,14.289150829925426,27.17825739408473,16.86667988227939
2023,comuna,14,Servicio de Salud Metropolitano Sur Oriente,13201,Puente Alto,36754,411,2788,2679,2797,2360,2169,1852,1762,1756,14900,36754,28523,31383,32848,31511,25464,23893,23655,25999,29094,26418,50735,329523,128.85741331556991,1.3096262307618776,8.487579152459816,8.501793024658056,10.984134464341816,9.877369940986899,9.169308814204186,7.123350898111466,6.056231525400426,6.646983117571353,29.36828619296344,11.153697920934198
2023,comuna,14,Servicio de Salud Metropolitano Sur Oriente,13202,Pirque,2805,14,205,190,220,192,163,136,115,91,1196,2805,1464,1579,1717,1834,1530,1478,1491,1555,1684,1441,3400,19173,191.5983606557377,0.8866371120962635,11.939429237041352,10.359869138495092,14.37908496732026,12.990527740189444,10.932260228034876,8.745980707395498,6.828978622327791,6.315058986814711,35.17647058823529,14.629948364888124
2023,comuna,14,Servicio de Salud Metropolitano Sur Oriente,13203,San José de Maipo,245,3,17,20,34,17,18,9,11,9,94,245,177,200,186,194,165,158,184,158,199,183,339,2143,138.4180790960452,1.5,9.13978494623656,10.309278350515463,20.606060606060606,10.759493670886076,9.782608695652174,5.69620253164557,5.527638190954774,4.918032786885246,27.728613569321535,11.432571161922539
2024,comuna,9,Servicio de Salud Metropolitano Norte,13104,Conchalí,21201,23,1325,1434,1449,1304,1178,1092,1078,1049,8046,21201,7485,8229,9288,9386,8054,7301,6739,7231,7676,7206,19559,98154,283.24649298597194,0.27949933163203305,14.265719207579671,15.278073726827191,17.99106034268686,17.86056704561019,17.48033832912895,15.10164569215876,14.043772798332466,14.557313349986122,41.137072447466636,21.599731034904334
2024,comuna,9,Servicio de Salud Metropolitano Norte,13107,Huechuraba,12653,22,1096,1090,1097,896,781,604,698,610,4270,12653,4984,5533,6234,6180,5131,4566,4417,5170,5006,4054,10284,61559,253.87239165329052,0.3976143141153081,17.58100737888996,17.637540453074433,21.37984798284935,19.62330267192291,17.681684401177268,11.682785299806577,13.943268078306032,15.046867291563887,41.52080902372617,20.55426501405156
2024,comuna,9,Servicio de Salud Metropolitano Norte,13108,Independencia,9186,45,440,701,793,809,682,579,528,437,2891,9186,5157,5287,7224,8707,7675,6435,5354,4847,4560,4391,12356,71993,178.12681791739385,0.8511443162473993,6.0908084163898115,8.050993453543127,10.332247557003257,12.571872571872571,12.738139708629062,11.945533319579122,11.578947368421053,9.952174903211114,23.397539656846874,12.759573847457393
2024,comuna,9,Servicio de Salud Metropolitano Norte,13125,Quilicura,21473,2,1978,2060,2167,1964,1615,1513,1507,1232,6388,21473,11547,12511,13371,13845,12239,10901,9974,10830,10113,9024,15928,130283,185.96172165930545,0.015985932379506036,14.793209184055044,14.879017695919107,17.705694909714843,18.016695715989357,16.19209945859234,13.970452446906739,14.901611786809058,13.652482269503546,40.10547463586138,16.48181266934289
2024,comuna,9,Servicio de Salud Metropolitano Norte,13127,Recoleta,15980,124,948,1095,1166,1076,1009,941,907,750,5668,15980,8228,8912,10626,11094,9819,8882,8266,7944,7773,7279,19746,108569,194.21487603305786,1.3913824057450628,8.921513269339357,9.870200108166577,11.874936347896934,12.114388651204685,12.206629566900556,11.845417925478348,11.668596423517304,10.303613133672208,28.704547756507647,14.718750287835386
2024,comuna,9,Servicio de Salud Metropolitano Norte,13301,Colina,18113,165,1645,1946,2064,1925,1645,1317,1211,858,4475,18113,8805,8823,10167,10878,9774,8925,7854,7605,6682,5620,10845,95978,205.71266325951166,1.8701122067324039,16.17979738369234,17.88931788931789,21.117249846531614,21.568627450980394,20.944741532976828,17.317554240631164,18.12331637234361,15.266903914590749,41.26325495620101,18.872033174269102
2024,comuna,9,Servicio de Salud Metropolitano Norte,13302,Lampa,11727,50,1205,1320,1399,1187,912,720,561,442,3230,11727,6154,6090,6620,7137,6009,5536,4729,4476,4273,3665,7211,61900,190.55898602534938,0.8210180623973727,18.202416918429005,18.495166036149644,23.28174405059078,21.441473988439306,19.285261154578134,16.0857908847185,13.128949216007488,12.060027285129603,44.79267785327971,18.94507269789984
2024,comuna,9,Servicio de Salud Metropolitano Norte,13303,Tiltil,1112,4,56,63,66,71,59,51,61,51,492,1112,1082,1186,1234,1254,1015,921,851,915,1032,910,2043,12443,102.77264325323475,0.33726812816188867,4.538087520259319,5.023923444976076,6.502463054187192,7.709011943539632,6.933019976498238,5.573770491803279,5.910852713178294,5.604395604395605,24.082232011747433,8.936751587237804
2024,comuna,10,Servicio de Salud Metropolitano Occidente,13103,Cerro Navia,15393,192,1264,1392,1340,1074,981,867,803,759,4995,15393,8059,9157,10863,11100,9182,8396,7989,8830,8296,7054,16891,105817,191.00384663109566,2.0967565796658296,11.635828040136243,12.54054054054054,14.593770420387713,12.791805621724631,12.279384153210666,9.818799546998868,9.679363548698168,10.759852565920045,29.571961399561896,14.546811948930701
2024,comuna,10,Servicio de Salud Metropolitano Occidente,13117,Lo Prado,20591,113,1472,1648,1762,1611,1399,1215,1385,1174,6210,20591,7927,9048,10472,11060,9210,8572,8510,9195,8774,7725,20494,110987,259.757789832219,1.2488947833775421,14.056531703590528,14.900542495479204,19.131378935939196,18.793747083527766,16.43948296122209,13.213703099510605,15.785274675176659,15.197411003236247,30.301551673660583,18.55262328020399
2024,comuna,10,Servicio de Salud Metropolitano Occidente,13124,Pudahuel,33303,906,2268,2644,2885,2521,2358,2113,2116,2021,10823,33303,13925,14978,17351,17887,15151,13744,12863,13432,14572,13476,27237,174616,239.15978456014363,6.048871678461744,13.07129272088064,14.781685022642144,19.041647416012143,18.34254947613504,18.331648915494053,15.731089934484812,14.520999176502883,14.997031760166221,39.736388001615445,19.07213542859761
2024,comuna,10,Servicio de Salud Metropolitano Occidente,13126,Quinta Normal,15377,286,1232,1229,1133,874,738,644,578,502,5910,15377,5697,6530,8115,8613,7455,6538,6073,5791,5748,5702,14837,81099,269.9139898192031,4.3797856049004595,15.181762168823168,14.269128062231509,15.197853789403085,13.36800244723157,12.152148855590319,11.12070454152996,10.055671537926235,8.803928446159242,39.83285030666577,18.96077633509661
2024,comuna,10,Servicio de Salud Metropolitano Occidente,13128,Renca,18738,1305,1353,1502,1440,1297,1287,1153,995,782,5909,18738,9620,10433,11353,11133,9818,9677,9060,8978,8154,7427,18147,113800,194.78170478170478,12.50838684942011,11.917554831322118,13.491421898859246,14.666938276634752,13.402914126278805,14.205298013245033,12.842503898418355,12.202599950944322,10.529150397199407,32.5618559541522,16.465729349736378
2024,comuna,10,Servicio de Salud Metropolitano Occidente,13501,Melipilla,14412,55,1108,1379,1410,1286,1043,783,653,540,4646,14412,7856,8823,9546,9835,8566,7995,7108,6886,7274,6857,17063,97809,183.4521384928717,0.6233707355774679,11.606955793002305,14.02135231316726,16.46042493579267,16.08505315822389,14.673607203151379,11.370897473133896,8.977178993676107,7.875164065918041,27.228506124362656,14.734840352114837
2024,comuna,10,Servicio de Salud Metropolitano Occidente,13502,Alhué,1519,5,99,123,136,137,100,69,72,45,549,1519,435,487,664,759,673,560,483,485,455,449,1033,6483,349.1954022988506,1.0266940451745379,14.909638554216867,16.205533596837945,20.208023774145616,24.46428571428571,20.70393374741201,14.22680412371134,15.824175824175823,10.022271714922049,53.14617618586641,23.430510566095943
2024,comuna,10,Servicio de Salud Metropolitano Occidente,13503,Curacaví,1476,6,60,89,110,103,76,52,63,61,655,1476,157,144,164,184,180,167,138,141,148,174,517,2114,940.1273885350319,4.166666666666666,36.58536585365854,48.369565217391305,61.111111111111114,61.67664670658682,55.072463768115945,36.87943262411347,42.567567567567565,35.05747126436782,126.69245647969052,69.82024597918638
2024,comuna,10,Servicio de Salud Metropolitano Occidente,13504,Maria Pinto,1627,11,71,97,89,103,89,69,85,86,703,1627,1054,1035,1141,1273,1160,1026,927,976,1034,982,2300,12908,154.36432637571158,1.0628019323671498,6.222611744084137,7.619795758051846,7.672413793103448,10.038986354775828,9.60086299892125,7.069672131147541,8.220502901353965,8.757637474541752,30.56521739130435,12.604586303067865
2024,comuna,10,Servicio de Salud Metropolitano Occidente,13505,San Pedro,1514,12,102,149,173,161,153,101,103,78,369,1514,861,1137,1321,1122,1069,869,755,742,736,690,1866,11168,175.84204413472705,1.0554089709762533,7.721423164269494,13.279857397504458,16.183348924228248,18.52704257767549,20.264900662251655,13.611859838274935,13.994565217391305,11.304347826086957,19.774919614147908,13.556590257879655
2024,comuna,10,Servicio de Salud Metropolitano Occidente,13601,Talagante,8105,16,586,666,819,752,643,516,413,341,2547,8105,4074,4138,4738,4910,4183,3768,3388,3569,3900,3718,7950,48336,198.9445262641139,0.3866602223296278,12.368087800759813,13.564154786150711,19.5792493425771,19.957537154989385,18.97874852420307,14.457831325301203,10.58974358974359,9.171597633136095,32.0377358490566,16.768040383978818
2024,comuna,10,Servicio de Salud Metropolitano Occidente,13602,El Monte,4511,20,337,397,391,375,307,272,242,185,1456,4511,2278,2347,2612,2811,2640,2282,2083,2027,2156,1933,4248,27417,198.02458296751539,0.8521516829995739,12.901990811638592,14.123087869085735,14.81060606060606,16.43295354951797,14.738358137301969,13.418845584607794,11.224489795918368,9.570615623383343,34.27495291902072,16.453295400663823
2024,comuna,10,Servicio de Salud Metropolitano Occidente,13603,Isla de Maipo,4266,19,286,345,368,325,262,232,190,162,1607,4266,2366,2517,2653,2818,2577,2252,2206,2146,2303,1997,4582,28417,180.30431107354184,0.7548669050456893,10.78024877497173,12.242725337118523,14.280170741171904,14.431616341030196,11.87669990933817,10.81081081081081,8.250108554059922,8.112168252378568,35.07202095154954,15.012140620051378
2024,comuna,10,Servicio de Salud Metropolitano Occidente,13604,Padre Hurtado,7520,183,495,582,552,503,458,381,427,415,2724,7520,3700,3970,4248,4522,3896,3520,3338,3316,3435,2929,6799,43673,203.24324324324326,4.609571788413098,11.652542372881355,12.870411322423706,14.168377823408623,14.289772727272727,13.72079089275015,11.489746682750301,12.43085880640466,14.168658245134857,40.06471539932343,17.21887665147803
2024,comuna,10,Servicio de Salud Metropolitano Occidente,13605,Peñaflor,11406,31,750,903,931,868,766,715,686,583,3923,11406,5847,6004,6560,6411,5433,5002,5188,5371,5161,4794,11184,66955,195.07439712673164,0.5163224516988674,11.432926829268293,14.085166120729994,17.13602061476164,17.353058776489405,14.764841942945258,13.312232358964811,13.29199767486921,12.161034626616605,35.07689556509299,17.035322231349415
2024,comuna,11,Servicio de Salud Metropolitano Central,13101,Santiago,34175,105,2048,2545,3059,2839,2500,2048,1932,1723,11624,34175,14678,14730,19917,25022,23519,20098,16530,14481,13800,13609,35580,211964,232.83144842621613,0.7128309572301426,10.28267309333735,10.171049476460714,13.006505378630044,14.125783660065677,15.12401693889897,14.142669705130862,14.000000000000002,12.660739216694832,32.67003934794829,16.12302089033987
2024,comuna,11,Servicio de Salud Metropolitano Central,13102,Cerrillos,8212,565,464,534,510,484,462,389,405,421,2874,8212,3469,3588,3778,3632,3222,2951,2769,3062,3179,2980,8517,41147,236.72528106082447,15.746934225195094,12.28163049232398,14.702643171806168,15.828677839851025,16.401219925449002,16.68472372697725,12.704114957544089,12.739855300408934,14.127516778523491,33.7442761535752,19.957712591440448
2024,comuna,11,Servicio de Salud Metropolitano Central,13106,Estación Central,12060,170,843,1144,1261,1078,913,679,646,574,3263,12060,5650,6151,8539,9806,7803,6210,4986,4969,5205,4741,11938,75998,213.4513274336283,2.763778247439441,9.872350392317601,11.666326738731389,16.160451108547992,17.35909822866345,18.311271560369033,13.664721271885691,12.411143131604227,12.107150390213036,27.332886580666777,15.868838653648782
2024,comuna,11,Servicio de Salud Metropolitano Central,13119,Maipú,48042,261,3955,3614,3368,3113,2735,2362,2439,2421,18678,48042,19771,21512,22999,21669,18069,15942,14940,16778,20514,21916,50470,244580,242.99226139294925,1.2132763108962439,17.196399843471454,16.678203885735382,18.639659084620067,19.527035503700915,18.30655957161981,14.07795923232805,11.889441357121965,11.046723854718014,37.00812363780464,19.642652710769482
2024,comuna,12,Servicio de Salud Metropolitano Oriente,13113,La Reina,8187,15,449,408,412,417,377,405,432,376,3143,8187,2104,2749,2907,3034,2633,2438,2518,2826,2959,2833,9194,36195,389.115969581749,0.5456529647144416,15.44547643618851,13.447593935398814,15.647550322825673,17.104183757178014,14.972200158856236,14.331210191082802,14.599526867184858,13.27214966466643,34.185338264085274,22.61914629092416
2024,comuna,12,Servicio de Salud Metropolitano Oriente,13114,Las Condes,16294,386,668,729,777,742,698,768,710,690,6177,16294,3301,3877,4463,5056,4817,4646,4932,5701,6311,6429,22198,71731,493.607997576492,9.956151663657467,14.967510643065202,14.418512658227847,16.130371600581274,15.970727507533361,14.152473641524738,13.471320820908614,11.250198066867375,10.7326178254783,27.826831246058205,22.715422899443755
2024,comuna,12,Servicio de Salud Metropolitano Oriente,13115,Lo Barnechea,6395,10,392,404,427,425,420,380,381,351,2598,6395,2446,2522,3000,3278,3054,3161,3207,3540,3821,3304,6040,37373,261.44726083401474,0.3965107057890563,13.066666666666665,12.324588163514338,13.98166339227243,13.445112306232204,13.096351730589337,10.734463276836157,9.971211724679403,10.623486682808716,43.01324503311258,17.111283546945653
2024,comuna,12,Servicio de Salud Metropolitano Oriente,13118,Macul,22734,50,1760,1751,1933,1563,1356,1269,1134,1208,7291,22734,6971,8377,10622,11286,9601,8752,8251,8017,8277,7873,21557,109584,326.1225075312007,0.5968723886832995,16.56938429674261,15.514797093744463,20.133319445891054,17.858775137111518,16.434371591322265,15.828863664712486,13.700616165277275,15.343579321732504,33.82196038409797,20.745729303547964
2024,comuna,12,Servicio de Salud Metropolitano Oriente,13120,Ñuñoa,17759,28,989,1173,1362,1168,965,858,706,691,6575,17759,3706,4369,5560,6262,5819,5412,5035,4859,5448,6410,22372,75252,479.19589854290336,0.6408789196612497,17.78776978417266,18.732034493771955,23.40608351950507,21.581670362158167,19.165839126117177,17.657954311586746,12.958883994126285,10.78003120124805,29.389415340604323,23.59937277414554
2024,comuna,12,Servicio de Salud Metropolitano Oriente,13122,Peñalolén,33910,463,2349,2488,2564,2254,2077,1937,2038,1704,12251,33910,13770,15185,17679,18087,14851,13957,14166,14868,13725,11448,28998,176734,246.25998547567173,3.0490615739216334,13.286950619378924,13.755736164095758,17.264830651134606,16.14960235007523,14.661866440773682,13.027979553403283,14.848816029143899,14.884696016771489,42.24774122353266,19.18702683128317
2024,comuna,12,Servicio de Salud Metropolitano Oriente,13123,Providencia,14017,178,515,700,849,805,684,595,628,497,5704,14017,2489,3416,4410,5440,5136,4992,4537,4431,4517,4965,17902,62235,563.1578947368421,5.210772833723654,11.678004535147393,12.867647058823529,16.5303738317757,16.125801282051285,15.076041437072957,13.428120063191153,13.903032986495461,10.01007049345418,31.86236174729081,22.52269623202378
2024,comuna,12,Servicio de Salud Metropolitano Oriente,13132,Vitacura,4992,1,160,204,226,236,300,343,404,358,1919,4992,704,607,754,935,982,1166,1502,1784,1909,1857,5228,17428,709.0909090909091,0.16474464579901155,21.220159151193634,21.818181818181817,23.014256619144604,20.240137221269297,19.973368841544605,19.22645739910314,21.162912519643793,19.27840603123317,36.706197398622805,28.643562084002756
2024,comuna,13,Servicio de Salud Metropolitano Sur,13105,El Bosque,31449,175,2879,2865,2930,2536,2247,1708,1697,1417,9952,31449,12133,13566,15045,15651,13353,12224,10550,10918,10920,10340,23846,148546,259.20217588395286,1.2899896800825592,19.135925556663345,18.305539582135328,21.94263461394443,20.74607329842932,21.29857819905213,15.643890822494964,15.54029304029304,13.704061895551256,41.73446280298583,21.171219689523785
2024,comuna,13,Servicio de Salud Metropolitano Sur,13109,La Cisterna,14413,0,958,1184,1285,1220,1018,757,739,616,4775,14413,4231,4627,5857,6158,5503,4792,4051,4153,4135,4289,12489,60285,340.6523280548334,0.0,16.356496499914634,19.22702176031179,23.350899509358534,25.459098497495823,25.12959763021476,18.227787141825186,17.871825876662637,14.362322219631615,38.233645608135156,23.90810317657792
2024,comuna,13,Servicio de Salud Metropolitano Sur,13116,Lo Espejo,12054,0,1011,1098,1295,922,821,586,604,560,4054,12054,5984,6948,8179,8835,7271,6352,5212,5783,6257,6826,13685,81332,201.43716577540104,0.0,12.360924318376329,12.427843803056026,17.81047998899739,14.515113350125944,15.752110514198003,10.13314888466194,9.653188428959565,8.203926164664518,29.62367555717939,14.820734766143707
2024,comuna,13,Servicio de Salud Metropolitano Sur,13121,Pedro Aguirre Cerda,22034,980,1563,1698,1889,1558,1377,1063,1069,984,7441,22034,6355,7455,8842,9549,8217,7512,6478,6509,7338,8034,18010,94299,346.7191188040913,13.145539906103288,17.676996154716125,17.78196669808357,22.988925398563953,20.740149094781682,21.256560666872492,16.331233676447994,14.568002180430634,12.247946228528752,41.315935591338146,23.366101443281476
2024,comuna,13,Servicio de Salud Metropolitano Sur,13129,San Joaquín,16492,130,1174,1333,1378,1263,1045,803,725,696,5604,16492,5239,6265,7639,8274,7005,6378,5483,5853,6237,5996,15414,79783,314.79289940828403,2.0750199521149244,15.368503730854824,16.110708242687938,19.671663097787295,19.802445907808092,19.058909356191865,13.719460105928583,11.624178290844958,11.607738492328219,36.356558972362784,20.671070278129424
2024,comuna,13,Servicio de Salud Metropolitano Sur,13130,San Miguel,17979,0,1099,1307,1573,1389,1194,944,860,902,6279,17979,4952,5542,7755,9079,7832,6750,5519,5157,5597,5933,15910,80026,363.0654281098546,0.0,14.17150225660864,14.3958585747329,20.084269662921347,20.57777777777778,21.634354049646674,18.305216210975374,15.365374307664819,15.203101297825722,39.465744814582024,22.46644840426861
2024,comuna,13,Servicio de Salud Metropolitano Sur,13401,San Bernardo,35459,84,3386,3742,3692,3067,2712,2125,1912,1507,10946,35459,17750,19181,20497,20256,17632,16523,15152,15952,15379,14108,30979,203409,199.76901408450703,0.4379333715656118,16.519490657169342,18.473538704581358,20.939201451905625,18.56200447860558,17.898627243928196,13.32121364092277,12.43253787632486,10.681882619790189,35.333613092740244,17.432365332900705
2024,comuna,13,Servicio de Salud Metropolitano Sur,13402,Buin,15512,15,1092,1302,1534,1499,1216,951,862,724,5013,15512,6458,6903,7466,8284,7325,6792,5999,5835,5725,5215,11106,77108,240.1982037782595,0.21729682746631898,14.626305920171445,15.71704490584259,20.9419795221843,22.070082449941108,20.27004500750125,16.298200514138816,15.056768558951966,13.883029721955896,45.13776337115073,20.117238159464648
2024,comuna,13,Servicio de Salud Metropolitano Sur,13403,Calera de Tango,3468,4,235,281,303,258,306,255,282,239,1081,3468,1310,1317,1522,1549,1330,1302,1224,1213,1276,1161,2634,15838,264.7328244274809,0.30372057706909644,15.440210249671486,18.14073595868302,22.781954887218046,19.81566820276498,25.0,21.022258862324815,22.10031347962382,20.585701981050818,41.040242976461656,21.896704129309256
2024,comuna,13,Servicio de Salud Metropolitano Sur,13404,Paine,13297,2,1247,1286,1357,1246,1184,912,835,719,3741,13297,4820,5199,5515,5985,5281,5005,4515,4442,4532,3986,8788,58068,275.8713692946058,0.03846893633391037,22.611060743427018,21.48705096073517,25.695890929748156,24.895104895104893,26.223698781838316,20.531292210715893,18.424536628420125,18.038133467134973,42.56941283568503,22.899014947992008
2024,comuna,14,Servicio de Salud Metropolitano Sur Oriente,13110,La Florida,45288,253,3389,3659,3827,3144,2593,1971,1720,1513,17604,45288,20404,23548,27156,28524,25012,22520,20358,20352,20625,21469,59104,289072,221.95647912174087,1.0744012230338031,12.479746648991014,12.827794138269526,15.30065568527107,13.960923623445826,12.737007564593771,9.684551886792454,8.33939393939394,7.047370627416274,29.784786139685977,15.666685116510765
2024,comuna,14,Servicio de Salud Metropolitano Sur Oriente,13111,La Granja,16128,91,1381,1345,1395,1196,984,729,695,590,6139,16128,9674,10845,11870,12562,11176,10363,9104,8630,8817,9544,19920,122505,166.7149059334298,0.839096357768557,11.634372367312553,10.706893806718675,12.482104509663564,11.541059538743607,10.808435852372583,8.447276940903823,7.882499716456845,6.181894383906119,30.81827309236948,13.165176931553816
2024,comuna,14,Servicio de Salud Metropolitano Sur Oriente,13112,La Pintana,19816,749,1673,1630,1609,1265,1180,911,878,706,7460,19816,12146,12415,13194,13218,11347,11194,9834,9739,9365,8895,20053,131400,163.14836160052693,6.033024567055981,12.680006063362134,12.331668936298987,14.179959460650393,11.30069680185814,11.999186495830791,9.354143135845568,9.375333689268553,7.937043282743114,37.2014162469456,15.080669710806696
2024,comuna,14,Servicio de Salud Metropolitano Sur Oriente,13131,San Ramón,13758,156,1166,1153,1187,966,864,863,905,722,4255,13758,5174,6098,6348,6486,5258,5044,5064,5910,5720,4538,12640,68280,265.9064553536915,2.5582158084617905,18.367989918084433,17.776749922910884,22.575123621148727,19.151467089611423,17.061611374407583,14.602368866328257,15.821678321678323,15.910092551784928,33.662974683544306,20.149384885764498
2024,comuna,14,Servicio de Salud Metropolitano Sur Oriente,13201,Puente Alto,36412,414,2738,2730,2717,2518,2148,1810,1773,1700,14556,36412,29657,31852,33827,33828,27793,25652,23704,26111,29293,28003,54636,344356,122.7770846680379,1.2997613964586212,8.09412599402844,8.070237672933663,9.775842838124706,9.815998752533915,9.0617617279784,6.9319443912527285,6.052640562591746,6.070778130914545,26.641774654074236,10.573940921604386
2024,comuna,14,Servicio de Salud Metropolitano Sur Oriente,13202,Pirque,3354,8,245,267,263,238,210,169,156,115,1387,3354,1607,1646,1780,2008,1711,1585,1549,1635,1732,1638,3629,20520,208.71188550093342,0.48602673147023084,13.764044943820226,13.296812749003983,15.371127995324372,15.015772870662461,13.55713363460297,10.336391437308869,9.006928406466514,7.020757020757021,38.21989528795812,16.34502923976608
2024,comuna,14,Servicio de Salud Metropolitano Sur Oriente,13203,San José de Maipo,288,6,16,19,32,21,20,18,11,14,108,288,186,188,184,193,178,164,176,172,186,188,344,2159,154.83870967741936,3.1914893617021276,8.695652173913043,9.844559585492227,17.97752808988764,12.804878048780488,11.363636363636363,10.465116279069768,5.913978494623656,7.446808510638298,31.3953488372093,13.33950903195924
2025,comuna,9,Servicio de Salud Metropolitano Norte,13104,Conchalí,27661,18,1442,1533,1700,1585,1554,1588,1929,2286,10536,27661,8136,8258,9500,9965,9071,7679,7015,7425,7725,7677,20226,102677,339.9827925270403,0.21797045289416325,15.178947368421053,15.383843452082289,18.741042883915775,20.640708425576246,22.152530292230935,21.387205387205388,24.970873786407765,29.77725674091442,52.09136754672205,26.939820992043007
2025,comuna,9,Servicio de Salud Metropolitano Norte,13107,Huechuraba,16423,397,1123,1146,1169,1139,991,959,1254,1271,5366,16423,5196,5579,6261,6461,5550,4772,4374,5225,5155,4345,10652,63570,316.0700538876058,7.115970604050906,17.93643187989139,17.73719238507971,21.063063063063066,23.868398994132438,22.65660722450846,18.354066985645932,24.325897187196897,29.252013808975835,50.375516334960565,25.83451313512663
2025,comuna,9,Servicio de Salud Metropolitano Norte,13108,Independencia,13157,41,659,844,985,1051,959,873,866,907,4246,13157,5911,5560,7547,9188,8570,7088,5819,5219,4760,4580,12902,77144,222.5850109964473,0.7374100719424461,8.731946468795549,9.185894645189377,11.493582263710618,14.827878103837472,16.480494930400415,16.72734240275915,18.19327731092437,19.80349344978166,32.90962641450938,17.055117701959972
2025,comuna,9,Servicio de Salud Metropolitano Norte,13125,Quilicura,27749,10,1673,1804,2028,2179,2100,2123,2667,2805,9156,27749,12384,12775,13775,14763,13452,11630,10298,11278,10428,9657,17393,137833,224.07138242894055,0.07827788649706457,12.145190562613429,12.219738535528009,15.075825156110614,18.73602751504729,20.392309186249758,18.82425962050009,25.575373993095514,29.04628766697732,52.64186741792676,20.132334056430608
2025,comuna,9,Servicio de Salud Metropolitano Norte,13127,Recoleta,23789,247,1177,1366,1460,1581,1444,1752,1794,1923,8278,23789,9017,9041,10876,11717,10715,9406,8645,8395,7866,7667,20623,113968,263.8238882111567,2.7319986727131953,10.821993379919089,11.65827430229581,13.625758282781147,16.808420157346372,16.7032967032967,20.869565217391305,22.807017543859647,25.08151819486109,40.13964990544538,20.873403060508213
2025,comuna,9,Servicio de Salud Metropolitano Norte,13301,Colina,19498,148,1451,1706,1917,1826,1696,1478,1541,1369,5392,19498,9403,8861,10296,11159,10588,9268,8001,7969,6873,5862,11554,99834,207.35935339785178,1.6702403791897076,14.092851592851593,15.288108253427726,18.105402342274274,19.7022011221407,21.197350331208597,18.546869117831598,22.421067947039138,23.35380416240191,46.66782066816687,19.530420498026725
2025,comuna,9,Servicio de Salud Metropolitano Norte,13302,Lampa,15859,92,1286,1304,1531,1454,1280,1227,1226,1075,4570,15859,6638,6329,6901,7510,6733,5936,4991,4801,4382,3909,7789,65919,238.91232298885208,1.453626165270975,18.634980437617738,17.36351531291611,22.738749443041733,24.494609164420485,25.646163093568425,25.557175588419078,27.97809219534459,27.500639549756972,58.67248684041597,24.058313991413705
2025,comuna,9,Servicio de Salud Metropolitano Norte,13303,Tiltil,1424,15,57,71,102,116,83,75,86,79,568,1424,1280,1255,1334,1427,1238,1050,870,997,1032,982,2221,13686,111.25,1.1952191235059761,4.272863568215892,4.9754730203223545,8.239095315024231,11.047619047619047,9.540229885057471,7.5225677031093285,8.333333333333332,8.04480651731161,25.574065736154882,10.404793219348239
2025,comuna,10,Servicio de Salud Metropolitano Occidente,13103,Cerro Navia,21986,218,1377,1517,1658,1480,1343,1359,1727,1747,7373,21986,8222,8924,10798,11459,9669,8582,7785,9018,8252,7327,17347,107383,267.4045244466067,2.442850739578664,12.752361548434896,13.23850248712802,17.147585065673805,17.245397343276625,17.25112395632627,15.06986027944112,20.92825981580223,23.843319230244305,42.503026459906614,20.4743767635473
2025,comuna,10,Servicio de Salud Metropolitano Occidente,13117,Lo Prado,26366,88,1351,1602,1870,1719,1780,1859,2293,2345,8556,26366,8249,8978,10419,11367,9952,8752,8401,9286,8756,8145,20902,113207,319.62662140865564,0.9801737580752953,12.966695460216911,14.09342834520982,18.790192926045016,19.641224862888482,21.18795381502202,20.01938401895326,26.18775696665144,28.790669122160832,40.933881925174624,23.290079235382972
2025,comuna,10,Servicio de Salud Metropolitano Occidente,13124,Pudahuel,48811,1385,2809,3202,3545,3568,3508,3361,4093,4200,15987,48811,14409,15029,17290,18264,16228,14219,12874,13716,14097,13973,28692,178791,338.7535568047748,9.215516667775633,16.246385193753614,17.531756460797197,21.844959329553856,25.09318517476616,27.248718347056084,24.504228638086907,29.034546357381004,30.05796894009876,55.71936428272689,27.300591193069003
2025,comuna,10,Servicio de Salud Metropolitano Occidente,13126,Quinta Normal,19640,423,1460,1492,1447,1155,1068,961,1197,1188,7114,19640,6180,6588,8213,9024,8138,6927,6190,6063,5686,5936,15319,84264,317.7993527508091,6.420765027322404,17.776695482771217,16.53368794326241,17.780781518800687,16.673884798614118,17.253634894991922,15.850239155533563,21.051705944424903,20.013477088948786,46.43906260199752,23.307699610747175
2025,comuna,10,Servicio de Salud Metropolitano Occidente,13128,Renca,26612,1895,1366,1339,1562,1523,1598,1891,2243,2182,9004,26612,10244,10461,11347,11667,10483,9864,9186,9338,8261,7653,18927,117431,259.78133541585316,18.114902972947135,12.038424253106548,11.47681494814434,14.900314795383002,15.439983779399839,17.396037448290876,20.250588991218677,27.15167655247549,28.51169476022475,47.572251281238444,22.66181842954586
2025,comuna,10,Servicio de Salud Metropolitano Occidente,13501,Melipilla,19242,84,1384,1638,1573,1583,1436,1180,1200,1215,6221,19242,8465,8940,10148,10388,9498,8457,7384,7115,7429,7111,18060,102995,227.31246308328411,0.9395973154362416,13.63815530153725,15.768194070080863,16.561381343440722,18.71822159158094,19.447453954496208,16.584680252986647,16.15291425494683,17.086204471944875,34.44629014396456,18.682460313607457
2025,comuna,10,Servicio de Salud Metropolitano Occidente,13502,Alhué,2096,0,136,164,153,152,125,132,143,122,783,2096,485,533,714,840,761,625,524,510,481,465,1131,7069,432.16494845360825,0.0,19.047619047619047,19.523809523809526,20.105124835742444,24.32,23.85496183206107,25.882352941176475,29.72972972972973,26.236559139784948,69.23076923076923,29.650587070306972
2025,comuna,10,Servicio de Salud Metropolitano Occidente,13503,Curacaví,1461,7,72,98,89,95,81,82,71,81,627,1461,179,146,176,221,225,178,169,156,166,194,556,2366,816.2011173184358,4.794520547945205,40.909090909090914,44.34389140271493,39.55555555555556,53.37078651685393,47.928994082840234,52.56410256410257,42.77108433734939,41.75257731958763,112.76978417266189,61.74978867286559
2025,comuna,10,Servicio de Salud Metropolitano Occidente,13504,Maria Pinto,3090,5,151,141,171,173,207,198,250,282,1187,3090,1132,1057,1128,1307,1246,1076,967,1013,1031,1023,2481,13461,272.9681978798586,0.47303689687795647,13.386524822695037,10.788064269319051,13.723916532905298,16.07806691449814,21.406411582213032,19.545903257650544,24.248302618816684,27.56598240469208,47.84361144699718,22.955203922442614
2025,comuna,10,Servicio de Salud Metropolitano Occidente,13505,San Pedro,2549,4,174,242,231,238,165,168,177,207,750,2549,953,1184,1458,1266,1208,931,818,818,752,707,1985,12080,267.4711437565582,0.33783783783783783,11.934156378600823,19.11532385466035,19.12251655629139,25.563909774436087,20.17114914425428,20.537897310513447,23.537234042553195,29.27864214992928,37.78337531486146,21.100993377483444
2025,comuna,10,Servicio de Salud Metropolitano Occidente,13601,Talagante,12219,21,737,911,1062,937,913,997,841,863,4003,12219,4238,4162,4653,5100,4493,3947,3468,3580,3894,3834,8447,49816,288.3199622463426,0.5045651129264777,15.839243498817968,17.862745098039216,23.636768306254176,23.739549024575627,26.32641291810842,27.849162011173185,21.59732922444787,22.50912884715702,47.38960577719901,24.528264011562552
2025,comuna,10,Servicio de Salud Metropolitano Occidente,13602,El Monte,5708,26,261,284,342,394,408,378,406,482,2145,5708,2455,2370,2642,2876,2824,2426,2171,2112,2136,2072,4552,28636,232.50509164969452,1.0970464135021099,9.87887963663891,9.874826147426981,12.110481586402265,16.24072547403133,18.793182865039153,17.897727272727273,19.00749063670412,23.262548262548265,47.12214411247803,19.93295152954323
2025,comuna,10,Servicio de Salud Metropolitano Occidente,13603,Isla de Maipo,6210,2,403,432,477,506,448,449,442,438,2110,6210,2528,2527,2817,2916,2819,2415,2276,2185,2321,2122,4861,29787,245.6487341772152,0.07914523149980214,14.305999290024848,14.814814814814813,16.920893934019155,20.952380952380953,19.68365553602812,20.549199084668192,19.043515725980182,20.64090480678605,43.406706439004324,20.848020948736025
2025,comuna,10,Servicio de Salud Metropolitano Occidente,13604,Padre Hurtado,13242,564,840,914,1204,1319,1062,955,984,941,3626,13242,4039,4025,4496,4818,4529,3834,3477,3449,3496,3213,7221,46597,327.85342906660065,14.012422360248447,18.683274021352315,18.970527189705273,26.584234930448225,34.40271257172666,30.543572044866263,27.68918527109307,28.14645308924485,29.28727046374105,50.21465171028944,28.418138506770823
2025,comuna,10,Servicio de Salud Metropolitano Occidente,13605,Peñaflor,16380,12,863,950,1107,1233,1083,1205,1445,1378,5697,16380,6076,6062,6671,6599,5863,5167,5110,5549,5219,4979,11646,68941,269.5852534562212,0.1979544704717915,12.93659121570979,14.396120624337023,18.88111888111888,23.86297658215599,21.193737769080233,21.715624436835466,27.68729641693811,27.676240208877285,48.91808346213292,23.759446483224785
2025,comuna,11,Servicio de Salud Metropolitano Central,13101,Santiago,46289,2553,2190,2982,3958,3816,3399,3003,2883,2801,14592,46289,16881,15836,20620,26953,26178,21943,18100,15669,14473,14331,37497,228481,274.20768911794323,16.121495327102803,10.620756547041706,11.063703483842243,15.119566047826419,17.39051178052226,18.779005524861876,19.16523071031974,19.91985075658122,19.54504221617473,38.91511320905672,20.259452645953054
2025,comuna,11,Servicio de Salud Metropolitano Central,13102,Cerrillos,12963,276,497,556,674,745,754,814,1059,1354,4927,12963,3776,3698,4107,4082,3760,3282,2999,3278,3281,3262,9129,44654,343.2997881355932,7.4634937804218495,12.101290479668858,13.62077413032827,17.925531914893618,22.699573430834857,25.141713904634877,24.832214765100673,32.27674489484913,41.50827713059473,53.9708620878519,29.029874143413803
2025,comuna,11,Servicio de Salud Metropolitano Central,13106,Estación Central,17479,499,1090,1317,1498,1368,1181,1038,1180,1167,5228,17479,6490,6601,9047,10653,9031,7033,5441,5330,5349,5155,12485,82615,269.32203389830505,7.55946068777458,12.048192771084338,12.362714728245566,16.58731037537371,19.451158822693017,21.705568829259327,19.474671669793622,22.060198167881847,22.638215324927256,41.8742490989187,21.157174847182713
2025,comuna,11,Servicio de Salud Metropolitano Central,13119,Maipú,64773,141,3577,3734,4048,4054,3729,3789,4653,5306,25701,64773,21149,22294,24407,23344,20508,17479,15560,17649,20619,23304,55150,261463,306.2697999905433,0.6324571633623396,14.655631581103782,15.995544893762851,19.738638580066315,23.193546541564164,23.96529562982005,21.468638449770523,22.566564818856392,22.768623412289735,46.601994560290116,24.773294883023603
2025,comuna,12,Servicio de Salud Metropolitano Oriente,13113,La Reina,10123,21,435,426,430,468,469,583,771,855,3937,10123,2180,2792,2930,3183,2881,2539,2608,2870,2979,2968,9524,37454,464.3577981651376,0.7521489971346704,14.846416382252558,13.383600377002827,14.925373134328357,18.432453721937772,17.983128834355828,20.313588850174217,25.88116817724068,28.807277628032345,41.33767324653507,27.027820793506702
2025,comuna,12,Servicio de Salud Metropolitano Oriente,13114,Las Condes,20289,384,680,694,796,853,845,1039,1339,1582,7949,20289,3424,3926,4635,5263,5268,4784,5070,5884,6260,6824,23192,74530,592.5525700934579,9.7809475292919,14.670981661272922,13.186395591867756,15.110098709187547,17.83026755852843,16.666666666666664,17.65805574439157,21.389776357827476,23.182883939038685,34.27474991376337,27.222594928216825
2025,comuna,12,Servicio de Salud Metropolitano Oriente,13115,Lo Barnechea,7739,28,344,333,378,440,423,535,608,681,3291,7739,2532,2583,2932,3345,3188,3202,3244,3512,3848,3469,6420,38275,305.6477093206951,1.084010840108401,11.732605729877218,9.955156950672645,11.856963613550816,13.741411617738914,13.039457459926018,15.233485193621869,15.800415800415802,19.631017584318247,51.26168224299066,20.219464402351402
2025,comuna,12,Servicio de Salud Metropolitano Oriente,13118,Macul,26352,17,1593,1628,1832,1633,1508,1535,1793,2068,9215,26352,7461,8463,10686,12014,10372,9182,8425,8134,8210,8059,21854,112860,353.1966224366707,0.20087439442278152,14.907355418304324,13.550857333111372,17.662938681064404,17.784796340666524,17.899109792284868,18.871403983280057,21.839220462850186,25.660751954336767,42.16619383179281,23.349282296650717
2025,comuna,12,Servicio de Salud Metropolitano Oriente,13120,Ñuñoa,22949,1,983,1088,1349,1256,1233,1150,1234,1455,9280,22949,4213,4634,6076,7227,6880,6111,5581,5388,5652,6796,23814,82372,544.7187277474484,0.02157962883038412,16.17840684660961,15.054656150546561,19.607558139534884,20.553100965472098,22.09281490772263,21.343726800296956,21.832979476291577,21.40965273690406,38.96867388930881,27.860195211965234
2025,comuna,12,Servicio de Salud Metropolitano Oriente,13122,Peñalolén,42270,431,2239,2386,2703,2623,2499,2957,3656,3923,14637,42270,14190,14972,17330,18449,15871,14011,13750,15106,14017,11885,29768,179349,297.88583509513745,2.8787069195832222,12.919792267743796,12.932950295408965,17.031062944994012,18.72100492470202,18.174545454545456,19.57500330994307,26.082613968752227,33.007993268826255,49.17024993281376,23.568573005703964
2025,comuna,12,Servicio de Salud Metropolitano Oriente,13123,Providencia,16433,309,562,747,919,893,828,906,984,1051,6264,16433,2650,3347,4705,5768,5887,5454,4728,4779,4635,5103,18469,65525,620.1132075471698,9.232148192411115,11.944739638682252,12.950762829403606,15.610667572617631,16.373303997066373,17.512690355329948,18.957940991839298,21.22977346278317,20.59572800313541,33.91629216524988,25.07897748950782
2025,comuna,12,Servicio de Salud Metropolitano Oriente,13132,Vitacura,6910,1,185,241,276,262,380,520,659,708,2636,6910,811,629,800,1040,1005,1251,1517,1870,1989,1935,5410,18257,852.0345252774354,0.1589825119236884,23.125,23.173076923076923,27.46268656716418,20.943245403677057,25.049439683586026,27.807486631016044,33.132227249874305,36.58914728682171,48.724584103512015,37.848496467108504
2025,comuna,13,Servicio de Salud Metropolitano Sur,13105,El Bosque,39919,37,2942,2979,3115,3025,2934,2602,2938,3139,12832,39919,12581,13475,14901,15823,14122,12651,10410,11092,10754,10559,24568,150936,317.2959224227009,0.274582560296846,19.74364136635125,18.827023952474246,22.057782183826653,23.911153268516323,28.18443804034582,23.458348359177787,27.32006695183188,29.72819395776115,52.23054379680886,26.44763343403827
2025,comuna,13,Servicio de Salud Metropolitano Sur,13109,La Cisterna,18176,0,1025,1237,1432,1409,1310,1114,1222,1352,6122,18176,4654,4731,6019,6593,6129,5148,4234,4335,4271,4355,12991,63460,390.54576708208,0.0,17.02940687821897,18.762323676626725,23.364333496492087,27.36985236985237,30.94000944733113,25.69780853517878,28.611566377897447,31.044776119402982,47.124932645677774,28.64166404034037
2025,comuna,13,Servicio de Salud Metropolitano Sur,13116,Lo Espejo,17908,7,989,1093,1246,1256,1165,1104,1410,1736,6434,17908,6281,6779,8049,9031,7793,6648,5199,5869,6057,6779,14375,82860,285.1138353765324,0.10326006785661601,12.28724065101255,12.102757169748642,15.988707814705505,18.892900120336943,22.40815541450279,18.81070028965752,23.278850916295195,25.608496828440774,44.75826086956522,21.612358194545013
2025,comuna,13,Servicio de Salud Metropolitano Sur,13121,Pedro Aguirre Cerda,28048,1083,1477,1658,1939,1857,1836,1725,1818,2159,10131,28048,6635,7298,8841,9710,8770,7769,6543,6616,7005,8129,18599,95915,422.7279577995478,14.839682104686217,16.706254948535236,17.075180226570545,22.109464082098064,23.902690178916206,28.060522696011002,26.07315598548972,25.95289079229122,26.559232377906262,54.47067046615409,29.242558515352137
2025,comuna,13,Servicio de Salud Metropolitano Sur,13129,San Joaquín,21945,102,1245,1485,1675,1563,1547,1400,1569,1731,7263,21945,5631,6337,7749,8728,7626,6706,5701,5891,6274,6266,15925,82834,389.7176345231753,1.60959444532113,16.066589237320944,17.014207149404218,21.964332546551272,23.307485833581868,27.13559024732503,23.765065353929725,25.007969397513545,27.625279285030324,45.60753532182103,26.492744525194965
2025,comuna,13,Servicio de Salud Metropolitano Sur,13130,San Miguel,24554,0,1208,1549,1865,1877,1605,1483,1585,1868,8802,24554,5472,5860,8039,9899,9073,7389,6087,5476,5674,6249,16847,86065,448.7207602339181,0.0,15.026744619977608,15.648045257096676,20.55549432381792,25.402625524428203,26.367668802365696,27.081811541271,27.934437786394078,29.89278284525524,52.246690805484654,28.529599721140997
2025,comuna,13,Servicio de Salud Metropolitano Sur,13401,San Bernardo,46192,70,3104,3467,3667,3540,3339,3197,3652,3755,15258,46192,18527,18926,20752,20911,18854,17148,14960,16270,15498,14474,32485,208805,249.32261024450804,0.3698615660995456,14.957594448727834,16.57979054086366,19.449453696828257,20.643806857942618,22.31951871657754,19.649661954517516,23.564330881404054,25.943070333010915,46.96937047868247,22.122075620794522
2025,comuna,13,Servicio de Salud Metropolitano Sur,13402,Buin,19757,5,1425,1495,1798,1851,1646,1459,1479,1488,5736,19757,6727,6926,7528,8531,8054,7169,6111,6058,5825,5409,11771,80109,293.6970417719637,0.07219174126479931,18.929330499468648,17.524323057085923,22.324310901415444,25.819500627702606,26.935035182457863,24.083856058104985,25.390557939914167,27.509706045479753,48.729929487724064,24.6626471432673
2025,comuna,13,Servicio de Salud Metropolitano Sur,13403,Calera de Tango,4727,1,224,245,315,318,329,390,457,509,1640,4727,1341,1357,1476,1621,1454,1345,1233,1258,1296,1227,2812,16420,352.49813571961226,0.07369196757553427,15.176151761517614,15.114127082048118,21.664374140302613,23.643122676579925,26.682887266828875,31.001589825119236,35.26234567901235,41.483292583537086,58.32147937411095,28.78806333739342
2025,comuna,13,Servicio de Salud Metropolitano Sur,13404,Paine,17468,0,1047,1177,1330,1388,1438,1437,1513,1593,5593,17468,5127,5280,5598,6140,5681,5273,4641,4522,4593,4188,9404,60447,340.7060659254925,0.0,18.70310825294748,19.169381107491855,23.411371237458194,26.322776408116823,30.984701572936867,31.77797434763379,32.94143261484868,38.03724928366762,59.47469162058698,28.898042913626814
2025,comuna,14,Servicio de Salud Metropolitano Sur Oriente,13110,La Florida,60245,171,3625,4101,4281,3924,3501,3266,3842,3936,23137,60245,21491,23753,27607,29755,26885,23792,20705,21230,20581,21919,61934,299652,280.32664836443166,0.7199090641182166,13.130727713985582,13.782557553352378,15.92337734796355,16.492938802958978,16.908959188601788,15.383890720678286,18.66770322141781,17.957023586842467,37.357509607001,20.104988453272462
2025,comuna,14,Servicio de Salud Metropolitano Sur Oriente,13111,La Granja,22338,162,1262,1324,1402,1363,1408,1365,1531,1779,8886,22338,9528,10326,11514,12343,11454,10353,8780,8727,8395,9465,20470,121355,234.44584382871537,1.568855316676351,10.960569741184646,10.72672769991088,12.240265409463943,13.165266106442578,16.036446469248293,15.641113784805775,18.23704586063133,18.795562599049127,43.40986809965804,18.4071525689094
2025,comuna,14,Servicio de Salud Metropolitano Sur Oriente,13112,La Pintana,27101,888,1749,1601,1748,1629,1680,1638,1959,1972,10153,27101,12594,12410,13267,13635,11836,11496,9723,10094,9228,8994,20984,134261,215.18977290773384,7.155519742143433,13.183085852114267,11.741840850751743,14.768502872592093,14.170146137787057,17.278617710583152,16.22746185852982,21.22886866059818,21.925728263286636,48.384483415935954,20.18531070079919
2025,comuna,14,Servicio de Salud Metropolitano Sur Oriente,13131,San Ramón,18864,360,1243,1293,1344,1223,1182,1301,1650,1729,5679,18864,5456,6004,6610,6640,5748,5240,5042,5878,5899,4901,12995,70413,345.74780058651027,5.9960026648900735,18.804841149773072,19.472891566265062,23.382045929018787,23.33969465648855,23.443078143593812,22.133378700238175,27.970842515680623,35.278514588859416,43.701423624470955,26.79050743470666
2025,comuna,14,Servicio de Salud Metropolitano Sur Oriente,13201,Puente Alto,43361,459,2768,2924,3153,3200,2909,2663,3164,3529,15556,43361,30897,31930,34586,35331,30378,26937,23940,26501,28976,29385,58503,357364,140.34048613133962,1.4375195740682742,8.003238304516278,8.276018227618804,10.379221805253803,11.879570850503026,12.151211361737678,10.048677408399682,10.919381557150745,12.009528671090692,26.590089397124935,12.133566895378383
2025,comuna,14,Servicio de Salud Metropolitano Sur Oriente,13202,Pirque,5206,5,260,264,286,323,283,370,376,492,2181,5206,1649,1670,1794,2028,1879,1601,1613,1695,1705,1722,3840,21196,315.70648878107943,0.29940119760479045,14.492753623188406,13.017751479289942,15.220862160723788,20.174890693316677,17.54494730316181,21.828908554572273,22.052785923753664,28.57142857142857,56.796875,24.56123796942819
2025,comuna,14,Servicio de Salud Metropolitano Sur Oriente,13203,San José de Maipo,309,3,26,26,26,20,19,21,15,21,114,309,174,184,194,185,189,172,159,170,182,197,358,2164,177.58620689655174,1.6304347826086956,13.402061855670103,14.054054054054054,13.756613756613756,11.627906976744185,11.949685534591195,12.352941176470589,8.241758241758241,10.65989847715736,31.843575418994412,14.279112754158966
