Ano,nivel_geografico_x,IdServicio_master,servicio_salud_master,IdComuna_master,comuna_master,nivel_geografico_y,nivel_geografico,sexo,15_19_numerador,15_19_denominador,15_19_cobertura_pct,20_24_numerador,20_24_denominador,20_24_cobertura_pct,25_29_numerador,25_29_denominador,25_29_cobertura_pct,30_34_numerador,30_34_denominador,30_34_cobertura_pct,35_39_numerador,35_39_denominador,35_39_cobertura_pct,40_44_numerador,40_44_denominador,40_44_cobertura_pct,45_49_numerador,45_49_denominador,45_49_cobertura_pct,50_54_numerador,50_54_denominador,50_54_cobertura_pct,55_59_numerador,55_59_denominador,55_59_cobertura_pct,60_64_numerador,60_64_denominador,60_64_cobertura_pct,65_mas_numerador,65_mas_denominador,65_mas_cobertura_pct,total_15_mas_numerador,total_15_mas_denominador,total_15_mas_cobertura_pct
2023,comuna,9,Servicio de Salud Metropolitano Norte,13104,Conchalí,comuna,comuna,Hombre,0,3726.0,0.0,0,4071.0,0.0,0,4205.0,0.0,0,4027.0,0.0,0,3287.0,0.0,0,3091.0,0.0,0,3054.0,0.0,0,3291.0,0.0,0,3589.0,0.0,0,3168.0,0.0,0,8871.0,0.0,10964,44380.0,24.704821991888238
2023,comuna,9,Servicio de Salud Metropolitano Norte,13107,Huechuraba,comuna,comuna,Hombre,0,2383.0,0.0,0,2637.0,0.0,0,2797.0,0.0,0,2796.0,0.0,0,2173.0,0.0,0,1953.0,0.0,0,2167.0,0.0,0,2359.0,0.0,0,2283.0,0.0,0,1686.0,0.0,0,4033.0,0.0,7602,27267.0,27.879854769501595
2023,comuna,9,Servicio de Salud Metropolitano Norte,13108,Independencia,comuna,comuna,Hombre,0,2200.0,0.0,0,2114.0,0.0,0,2298.0,0.0,0,2725.0,0.0,0,2446.0,0.0,0,2185.0,0.0,0,1854.0,0.0,0,1685.0,0.0,0,1703.0,0.0,0,1600.0,0.0,0,4309.0,0.0,3929,25119.0,15.641546239898085
2023,comuna,9,Servicio de Salud Metropolitano Norte,13125,Quilicura,comuna,comuna,Hombre,0,5573.0,0.0,0,5744.0,0.0,0,5430.0,0.0,0,5407.0,0.0,0,4776.0,0.0,0,4284.0,0.0,0,4208.0,0.0,0,4498.0,0.0,0,4363.0,0.0,0,3633.0,0.0,0,5958.0,0.0,9546,53874.0,17.71912239670342
2023,comuna,9,Servicio de Salud Metropolitano Norte,13127,Recoleta,comuna,comuna,Hombre,0,3795.0,0.0,0,4034.0,0.0,0,4320.0,0.0,0,4302.0,0.0,0,3840.0,0.0,0,3619.0,0.0,0,3522.0,0.0,0,3362.0,0.0,0,3494.0,0.0,0,3081.0,0.0,0,7613.0,0.0,10125,44982.0,22.50900360144058
2023,comuna,9,Servicio de Salud Metropolitano Norte,13301,Colina,comuna,comuna,Hombre,0,3950.0,0.0,0,4180.0,0.0,0,4743.0,0.0,0,5111.0,0.0,0,4378.0,0.0,0,4038.0,0.0,0,3637.0,0.0,0,3450.0,0.0,0,3096.0,0.0,0,2468.0,0.0,0,4630.0,0.0,10209,43681.0,23.371717680456033
2023,comuna,9,Servicio de Salud Metropolitano Norte,13302,Lampa,comuna,comuna,Hombre,0,2869.0,0.0,0,2692.0,0.0,0,2723.0,0.0,0,2809.0,0.0,0,2434.0,0.0,0,2156.0,0.0,0,2038.0,0.0,0,2068.0,0.0,0,1981.0,0.0,0,1659.0,0.0,0,3139.0,0.0,5255,26568.0,19.779433905450166
2023,comuna,9,Servicio de Salud Metropolitano Norte,13303,Tiltil,comuna,comuna,Hombre,0,514.0,0.0,0,609.0,0.0,0,602.0,0.0,0,515.0,0.0,0,403.0,0.0,0,375.0,0.0,0,400.0,0.0,0,428.0,0.0,0,493.0,0.0,0,406.0,0.0,0,903.0,0.0,638,5648.0,11.296033994334277
2023,comuna,10,Servicio de Salud Metropolitano Occidente,13103,Cerro Navia,comuna,comuna,Hombre,0,3989.0,0.0,0,4490.0,0.0,0,5063.0,0.0,0,5064.0,0.0,0,4086.0,0.0,0,3937.0,0.0,0,4065.0,0.0,0,4268.0,0.0,0,4011.0,0.0,0,3251.0,0.0,0,7035.0,0.0,6481,49259.0,13.156986540530665
2023,comuna,10,Servicio de Salud Metropolitano Occidente,13117,Lo Prado,comuna,comuna,Hombre,0,4017.0,0.0,0,4262.0,0.0,0,4624.0,0.0,0,4600.0,0.0,0,3912.0,0.0,0,3690.0,0.0,0,3941.0,0.0,0,4182.0,0.0,0,4090.0,0.0,0,3377.0,0.0,0,8142.0,0.0,10852,48837.0,22.220857137006778
2023,comuna,10,Servicio de Salud Metropolitano Occidente,13124,Pudahuel,comuna,comuna,Hombre,0,6896.0,0.0,0,7403.0,0.0,0,7794.0,0.0,0,7620.0,0.0,0,6204.0,0.0,0,5943.0,0.0,0,6016.0,0.0,0,6083.0,0.0,0,6846.0,0.0,0,5933.0,0.0,0,10934.0,0.0,18341,77672.0,23.613399938201667
2023,comuna,10,Servicio de Salud Metropolitano Occidente,13126,Quinta Normal,comuna,comuna,Hombre,0,2671.0,0.0,0,2985.0,0.0,0,3455.0,0.0,0,3453.0,0.0,0,3050.0,0.0,0,2713.0,0.0,0,2664.0,0.0,0,2502.0,0.0,0,2668.0,0.0,0,2477.0,0.0,0,5867.0,0.0,7928,34505.0,22.976380234748586
2023,comuna,10,Servicio de Salud Metropolitano Occidente,13128,Renca,comuna,comuna,Hombre,0,4562.0,0.0,0,4903.0,0.0,0,4745.0,0.0,0,4599.0,0.0,0,4100.0,0.0,0,4160.0,0.0,0,4098.0,0.0,0,4031.0,0.0,0,3754.0,0.0,0,3231.0,0.0,0,7290.0,0.0,9683,49473.0,19.572291957229197
2023,comuna,10,Servicio de Salud Metropolitano Occidente,13501,Melipilla,comuna,comuna,Hombre,0,3845.0,0.0,0,4291.0,0.0,0,4179.0,0.0,0,4308.0,0.0,0,3729.0,0.0,0,3511.0,0.0,0,3210.0,0.0,0,3227.0,0.0,0,3376.0,0.0,0,3130.0,0.0,0,7418.0,0.0,7163,44224.0,16.197087554269174
2023,comuna,10,Servicio de Salud Metropolitano Occidente,13502,Alhué,comuna,comuna,Hombre,0,186.0,0.0,0,224.0,0.0,0,329.0,0.0,0,333.0,0.0,0,304.0,0.0,0,264.0,0.0,0,255.0,0.0,0,242.0,0.0,0,241.0,0.0,0,190.0,0.0,0,486.0,0.0,1043,3054.0,34.15193189259987
2023,comuna,10,Servicio de Salud Metropolitano Occidente,13503,Curacaví,comuna,comuna,Hombre,0,40.0,0.0,0,22.0,0.0,0,29.0,0.0,0,25.0,0.0,0,28.0,0.0,0,28.0,0.0,0,21.0,0.0,0,29.0,0.0,0,36.0,0.0,0,38.0,0.0,0,118.0,0.0,595,414.0,143.71980676328502
2023,comuna,10,Servicio de Salud Metropolitano Occidente,13504,Maria Pinto,comuna,comuna,Hombre,0,545.0,0.0,0,499.0,0.0,0,476.0,0.0,0,601.0,0.0,0,490.0,0.0,0,476.0,0.0,0,445.0,0.0,0,489.0,0.0,0,505.0,0.0,0,443.0,0.0,0,1028.0,0.0,1502,5997.0,25.045856261464067
2023,comuna,10,Servicio de Salud Metropolitano Occidente,13505,San Pedro,comuna,comuna,Hombre,0,372.0,0.0,0,474.0,0.0,0,551.0,0.0,0,479.0,0.0,0,448.0,0.0,0,369.0,0.0,0,358.0,0.0,0,345.0,0.0,0,368.0,0.0,0,359.0,0.0,0,938.0,0.0,1189,5061.0,23.49338075479154
2023,comuna,10,Servicio de Salud Metropolitano Occidente,13601,Talagante,comuna,comuna,Hombre,0,1987.0,0.0,0,2090.0,0.0,0,2254.0,0.0,0,2110.0,0.0,0,1711.0,0.0,0,1597.0,0.0,0,1541.0,0.0,0,1623.0,0.0,0,1700.0,0.0,0,1647.0,0.0,0,3151.0,0.0,4073,21411.0,19.022932137686237
2023,comuna,10,Servicio de Salud Metropolitano Occidente,13602,El Monte,comuna,comuna,Hombre,0,1096.0,0.0,0,1188.0,0.0,0,1294.0,0.0,0,1294.0,0.0,0,1218.0,0.0,0,1035.0,0.0,0,999.0,0.0,0,1002.0,0.0,0,1047.0,0.0,0,864.0,0.0,0,1858.0,0.0,2375,12895.0,18.417991469561844
2023,comuna,10,Servicio de Salud Metropolitano Occidente,13603,Isla de Maipo,comuna,comuna,Hombre,0,1161.0,0.0,0,1227.0,0.0,0,1274.0,0.0,0,1342.0,0.0,0,1159.0,0.0,0,1017.0,0.0,0,1052.0,0.0,0,1025.0,0.0,0,1139.0,0.0,0,901.0,0.0,0,2018.0,0.0,2487,13315.0,18.678182500938792
2023,comuna,10,Servicio de Salud Metropolitano Occidente,13604,Padre Hurtado,comuna,comuna,Hombre,0,1725.0,0.0,0,1833.0,0.0,0,1738.0,0.0,0,1711.0,0.0,0,1467.0,0.0,0,1410.0,0.0,0,1474.0,0.0,0,1470.0,0.0,0,1531.0,0.0,0,1281.0,0.0,0,2793.0,0.0,3817,18433.0,20.70742689741225
2023,comuna,10,Servicio de Salud Metropolitano Occidente,13605,Peñaflor,comuna,comuna,Hombre,0,2831.0,0.0,0,2986.0,0.0,0,3041.0,0.0,0,2671.0,0.0,0,2260.0,0.0,0,2142.0,0.0,0,2342.0,0.0,0,2570.0,0.0,0,2373.0,0.0,0,2086.0,0.0,0,4541.0,0.0,6028,29843.0,20.199041651308512
2023,comuna,11,Servicio de Salud Metropolitano Central,13101,Santiago,comuna,comuna,Hombre,0,6371.0,0.0,0,6095.0,0.0,0,6963.0,0.0,0,8247.0,0.0,0,7880.0,0.0,0,7143.0,0.0,0,6254.0,0.0,0,5408.0,0.0,0,5363.0,0.0,0,4961.0,0.0,0,12672.0,0.0,17662,77357.0,22.831805783574854
2023,comuna,11,Servicio de Salud Metropolitano Central,13102,Cerrillos,comuna,comuna,Hombre,0,1668.0,0.0,0,1676.0,0.0,0,1498.0,0.0,0,1314.0,0.0,0,1049.0,0.0,0,998.0,0.0,0,1013.0,0.0,0,1148.0,0.0,0,1233.0,0.0,0,1102.0,0.0,0,3039.0,0.0,2938,15738.0,18.668191638073452
2023,comuna,11,Servicio de Salud Metropolitano Central,13106,Estación Central,comuna,comuna,Hombre,0,2521.0,0.0,0,2533.0,0.0,0,3116.0,0.0,0,3395.0,0.0,0,2739.0,0.0,0,2317.0,0.0,0,1923.0,0.0,0,1969.0,0.0,0,2099.0,0.0,0,1854.0,0.0,0,4406.0,0.0,5560,28872.0,19.257412025491828
2023,comuna,11,Servicio de Salud Metropolitano Central,13119,Maipú,comuna,comuna,Hombre,0,9800.0,0.0,0,10327.0,0.0,0,9535.0,0.0,0,7804.0,0.0,0,5965.0,0.0,0,5325.0,0.0,0,5620.0,0.0,0,6373.0,0.0,0,8094.0,0.0,0,8301.0,0.0,0,18212.0,0.0,25783,95356.0,27.038676118964723
2023,comuna,12,Servicio de Salud Metropolitano Oriente,13113,La Reina,comuna,comuna,Hombre,0,1037.0,0.0,0,1339.0,0.0,0,1253.0,0.0,0,1278.0,0.0,0,965.0,0.0,0,899.0,0.0,0,976.0,0.0,0,1035.0,0.0,0,1122.0,0.0,0,1047.0,0.0,0,3118.0,0.0,3668,14069.0,26.071504726704102
2023,comuna,12,Servicio de Salud Metropolitano Oriente,13114,Las Condes,comuna,comuna,Hombre,0,1586.0,0.0,0,1786.0,0.0,0,1943.0,0.0,0,1962.0,0.0,0,1633.0,0.0,0,1483.0,0.0,0,1509.0,0.0,0,1783.0,0.0,0,1956.0,0.0,0,1965.0,0.0,0,6849.0,0.0,7326,24455.0,29.95706399509303
2023,comuna,12,Servicio de Salud Metropolitano Oriente,13115,Lo Barnechea,comuna,comuna,Hombre,0,1165.0,0.0,0,1233.0,0.0,0,1325.0,0.0,0,1357.0,0.0,0,1082.0,0.0,0,1002.0,0.0,0,954.0,0.0,0,1068.0,0.0,0,1202.0,0.0,0,1042.0,0.0,0,1961.0,0.0,2523,13391.0,18.8410126204167
2023,comuna,12,Servicio de Salud Metropolitano Oriente,13118,Macul,comuna,comuna,Hombre,0,3257.0,0.0,0,4087.0,0.0,0,4800.0,0.0,0,4629.0,0.0,0,3849.0,0.0,0,3546.0,0.0,0,3462.0,0.0,0,3501.0,0.0,0,3661.0,0.0,0,3223.0,0.0,0,7664.0,0.0,12460,45679.0,27.277304669541802
2023,comuna,12,Servicio de Salud Metropolitano Oriente,13120,Ñuñoa,comuna,comuna,Hombre,0,1677.0,0.0,0,1864.0,0.0,0,2211.0,0.0,0,2219.0,0.0,0,1918.0,0.0,0,1868.0,0.0,0,1821.0,0.0,0,1762.0,0.0,0,2091.0,0.0,0,2346.0,0.0,0,6999.0,0.0,7794,26776.0,29.10815655811174
2023,comuna,12,Servicio de Salud Metropolitano Oriente,13122,Peñalolén,comuna,comuna,Hombre,0,6793.0,0.0,0,7473.0,0.0,0,8255.0,0.0,0,8117.0,0.0,0,6591.0,0.0,0,6518.0,0.0,0,6654.0,0.0,0,6868.0,0.0,0,6264.0,0.0,0,4963.0,0.0,0,11703.0,0.0,18570,80199.0,23.1549021808252
2023,comuna,12,Servicio de Salud Metropolitano Oriente,13123,Providencia,comuna,comuna,Hombre,0,1192.0,0.0,0,1472.0,0.0,0,1691.0,0.0,0,1943.0,0.0,0,1716.0,0.0,0,1697.0,0.0,0,1629.0,0.0,0,1508.0,0.0,0,1591.0,0.0,0,1662.0,0.0,0,5654.0,0.0,7539,21755.0,34.654102505171224
2023,comuna,12,Servicio de Salud Metropolitano Oriente,13132,Vitacura,comuna,comuna,Hombre,0,327.0,0.0,0,256.0,0.0,0,299.0,0.0,0,285.0,0.0,0,244.0,0.0,0,232.0,0.0,0,272.0,0.0,0,314.0,0.0,0,378.0,0.0,0,388.0,0.0,0,1359.0,0.0,1832,4354.0,42.07625172255398
2023,comuna,13,Servicio de Salud Metropolitano Sur,13105,El Bosque,comuna,comuna,Hombre,0,6037.0,0.0,0,6650.0,0.0,0,7068.0,0.0,0,7225.0,0.0,0,5971.0,0.0,0,5543.0,0.0,0,5122.0,0.0,0,5134.0,0.0,0,5389.0,0.0,0,4690.0,0.0,0,9587.0,0.0,16305,68416.0,23.832144527595883
2023,comuna,13,Servicio de Salud Metropolitano Sur,13109,La Cisterna,comuna,comuna,Hombre,0,1888.0,0.0,0,2019.0,0.0,0,2326.0,0.0,0,2346.0,0.0,0,2080.0,0.0,0,1843.0,0.0,0,1669.0,0.0,0,1683.0,0.0,0,1707.0,0.0,0,1723.0,0.0,0,4948.0,0.0,6793,24232.0,28.033179267084847
2023,comuna,13,Servicio de Salud Metropolitano Sur,13116,Lo Espejo,comuna,comuna,Hombre,0,2983.0,0.0,0,3356.0,0.0,0,3806.0,0.0,0,3975.0,0.0,0,3263.0,0.0,0,2854.0,0.0,0,2577.0,0.0,0,2735.0,0.0,0,3117.0,0.0,0,3214.0,0.0,0,5500.0,0.0,5761,37380.0,15.411985018726593
2023,comuna,13,Servicio de Salud Metropolitano Sur,13121,Pedro Aguirre Cerda,comuna,comuna,Hombre,0,3215.0,0.0,0,3724.0,0.0,0,4191.0,0.0,0,4350.0,0.0,0,3682.0,0.0,0,3359.0,0.0,0,3145.0,0.0,0,3069.0,0.0,0,3734.0,0.0,0,3724.0,0.0,0,7309.0,0.0,11876,43502.0,27.299894257735275
2023,comuna,13,Servicio de Salud Metropolitano Sur,13129,San Joaquín,comuna,comuna,Hombre,0,2521.0,0.0,0,3267.0,0.0,0,3687.0,0.0,0,3585.0,0.0,0,3024.0,0.0,0,2824.0,0.0,0,2450.0,0.0,0,2684.0,0.0,0,2906.0,0.0,0,2704.0,0.0,0,5993.0,0.0,8786,35645.0,24.64861831953991
2023,comuna,13,Servicio de Salud Metropolitano Sur,13130,San Miguel,comuna,comuna,Hombre,0,2159.0,0.0,0,2302.0,0.0,0,2867.0,0.0,0,3236.0,0.0,0,2827.0,0.0,0,2510.0,0.0,0,2172.0,0.0,0,1984.0,0.0,0,2246.0,0.0,0,2282.0,0.0,0,5605.0,0.0,8624,30190.0,28.56575024842663
2023,comuna,13,Servicio de Salud Metropolitano Sur,13401,San Bernardo,comuna,comuna,Hombre,0,8641.0,0.0,0,9323.0,0.0,0,8954.0,0.0,0,8465.0,0.0,0,7185.0,0.0,0,6975.0,0.0,0,6899.0,0.0,0,7130.0,0.0,0,6893.0,0.0,0,6165.0,0.0,0,12368.0,0.0,18152,88998.0,20.395963954246163
2023,comuna,13,Servicio de Salud Metropolitano Sur,13402,Buin,comuna,comuna,Hombre,0,3157.0,0.0,0,3360.0,0.0,0,3415.0,0.0,0,3583.0,0.0,0,3038.0,0.0,0,2914.0,0.0,0,2747.0,0.0,0,2800.0,0.0,0,2648.0,0.0,0,2348.0,0.0,0,4599.0,0.0,8209,34609.0,23.71926377531856
2023,comuna,13,Servicio de Salud Metropolitano Sur,13403,Calera de Tango,comuna,comuna,Hombre,0,659.0,0.0,0,669.0,0.0,0,695.0,0.0,0,702.0,0.0,0,589.0,0.0,0,589.0,0.0,0,543.0,0.0,0,573.0,0.0,0,575.0,0.0,0,502.0,0.0,0,1160.0,0.0,2003,7256.0,27.604740904079385
2023,comuna,13,Servicio de Salud Metropolitano Sur,13404,Paine,comuna,comuna,Hombre,0,2288.0,0.0,0,2461.0,0.0,0,2523.0,0.0,0,2603.0,0.0,0,2355.0,0.0,0,2338.0,0.0,0,2142.0,0.0,0,2177.0,0.0,0,2191.0,0.0,0,1867.0,0.0,0,3861.0,0.0,7123,26806.0,26.57240916212788
2023,comuna,14,Servicio de Salud Metropolitano Sur Oriente,13110,La Florida,comuna,comuna,Hombre,0,9753.0,0.0,0,11101.0,0.0,0,11925.0,0.0,0,11959.0,0.0,0,10278.0,0.0,0,9619.0,0.0,0,8957.0,0.0,0,8901.0,0.0,0,8868.0,0.0,0,8703.0,0.0,0,22368.0,0.0,18523,122432.0,15.129214584422373
2023,comuna,14,Servicio de Salud Metropolitano Sur Oriente,13111,La Granja,comuna,comuna,Hombre,0,5161.0,0.0,0,5669.0,0.0,0,6072.0,0.0,0,6146.0,0.0,0,5582.0,0.0,0,5179.0,0.0,0,4680.0,0.0,0,4337.0,0.0,0,4548.0,0.0,0,4484.0,0.0,0,8402.0,0.0,8318,60260.0,13.803518088284102
2023,comuna,14,Servicio de Salud Metropolitano Sur Oriente,13112,La Pintana,comuna,comuna,Hombre,0,5937.0,0.0,0,6171.0,0.0,0,6190.0,0.0,0,6048.0,0.0,0,5129.0,0.0,0,5290.0,0.0,0,4968.0,0.0,0,4657.0,0.0,0,4693.0,0.0,0,4026.0,0.0,0,8473.0,0.0,9958,61582.0,16.170309506024488
2023,comuna,14,Servicio de Salud Metropolitano Sur Oriente,13131,San Ramón,comuna,comuna,Hombre,0,2562.0,0.0,0,2880.0,0.0,0,2987.0,0.0,0,2824.0,0.0,0,2198.0,0.0,0,2282.0,0.0,0,2454.0,0.0,0,2876.0,0.0,0,2689.0,0.0,0,2070.0,0.0,0,5345.0,0.0,6262,31167.0,20.091763724452143
2023,comuna,14,Servicio de Salud Metropolitano Sur Oriente,13201,Puente Alto,comuna,comuna,Hombre,0,14524.0,0.0,0,15424.0,0.0,0,15104.0,0.0,0,13862.0,0.0,0,10991.0,0.0,0,10388.0,0.0,0,10423.0,0.0,0,11312.0,0.0,0,12769.0,0.0,0,11888.0,0.0,0,20942.0,0.0,21845,147627.0,14.797428654649893
2023,comuna,14,Servicio de Salud Metropolitano Sur Oriente,13202,Pirque,comuna,comuna,Hombre,0,711.0,0.0,0,775.0,0.0,0,848.0,0.0,0,879.0,0.0,0,737.0,0.0,0,704.0,0.0,0,735.0,0.0,0,731.0,0.0,0,798.0,0.0,0,725.0,0.0,0,1636.0,0.0,2171,9279.0,23.396917771311564
2023,comuna,14,Servicio de Salud Metropolitano Sur Oriente,13203,San José de Maipo,comuna,comuna,Hombre,0,96.0,0.0,0,103.0,0.0,0,83.0,0.0,0,82.0,0.0,0,67.0,0.0,0,57.0,0.0,0,67.0,0.0,0,72.0,0.0,0,78.0,0.0,0,84.0,0.0,0,139.0,0.0,117,928.0,12.607758620689655
2024,comuna,9,Servicio de Salud Metropolitano Norte,13104,Conchalí,comuna,comuna,Hombre,0,3783.0,0.0,0,4106.0,0.0,0,4307.0,0.0,0,4194.0,0.0,0,3562.0,0.0,0,3209.0,0.0,0,2974.0,0.0,0,3335.0,0.0,0,3472.0,0.0,0,3303.0,0.0,0,8115.0,0.0,15689,44360.0,35.36744815148783
2024,comuna,9,Servicio de Salud Metropolitano Norte,13107,Huechuraba,comuna,comuna,Hombre,0,2411.0,0.0,0,2699.0,0.0,0,2920.0,0.0,0,2936.0,0.0,0,2417.0,0.0,0,2137.0,0.0,0,2067.0,0.0,0,2404.0,0.0,0,2358.0,0.0,0,1859.0,0.0,0,4167.0,0.0,8243,28375.0,29.05022026431718
2024,comuna,9,Servicio de Salud Metropolitano Norte,13108,Independencia,comuna,comuna,Hombre,0,2592.0,0.0,0,2249.0,0.0,0,2424.0,0.0,0,3080.0,0.0,0,2825.0,0.0,0,2487.0,0.0,0,2036.0,0.0,0,1897.0,0.0,0,1758.0,0.0,0,1709.0,0.0,0,4583.0,0.0,5298,27640.0,19.167872648335745
2024,comuna,9,Servicio de Salud Metropolitano Norte,13125,Quilicura,comuna,comuna,Hombre,0,5793.0,0.0,0,5985.0,0.0,0,5830.0,0.0,0,5695.0,0.0,0,5320.0,0.0,0,4799.0,0.0,0,4204.0,0.0,0,4745.0,0.0,0,4476.0,0.0,0,3957.0,0.0,0,6548.0,0.0,12706,57352.0,22.154414841679454
2024,comuna,9,Servicio de Salud Metropolitano Norte,13127,Recoleta,comuna,comuna,Hombre,0,4138.0,0.0,0,4178.0,0.0,0,4612.0,0.0,0,4754.0,0.0,0,4207.0,0.0,0,3891.0,0.0,0,3693.0,0.0,0,3532.0,0.0,0,3551.0,0.0,0,3269.0,0.0,0,7972.0,0.0,9463,47797.0,19.79831370169676
2024,comuna,9,Servicio de Salud Metropolitano Norte,13301,Colina,comuna,comuna,Hombre,0,4470.0,0.0,0,4396.0,0.0,0,5125.0,0.0,0,5664.0,0.0,0,5106.0,0.0,0,4590.0,0.0,0,3988.0,0.0,0,3818.0,0.0,0,3338.0,0.0,0,2741.0,0.0,0,5033.0,0.0,12966,48269.0,26.86196109304108
2024,comuna,9,Servicio de Salud Metropolitano Norte,13302,Lampa,comuna,comuna,Hombre,0,3094.0,0.0,0,2870.0,0.0,0,2977.0,0.0,0,3115.0,0.0,0,2736.0,0.0,0,2479.0,0.0,0,2130.0,0.0,0,2152.0,0.0,0,2086.0,0.0,0,1775.0,0.0,0,3389.0,0.0,7486,28803.0,25.99034822761518
2024,comuna,9,Servicio de Salud Metropolitano Norte,13303,Tiltil,comuna,comuna,Hombre,0,589.0,0.0,0,636.0,0.0,0,617.0,0.0,0,598.0,0.0,0,447.0,0.0,0,392.0,0.0,0,410.0,0.0,0,447.0,0.0,0,503.0,0.0,0,432.0,0.0,0,1002.0,0.0,891,6073.0,14.67149678906636
2024,comuna,10,Servicio de Salud Metropolitano Occidente,13103,Cerro Navia,comuna,comuna,Hombre,0,4010.0,0.0,0,4452.0,0.0,0,5116.0,0.0,0,5359.0,0.0,0,4344.0,0.0,0,4081.0,0.0,0,3904.0,0.0,0,4340.0,0.0,0,4052.0,0.0,0,3371.0,0.0,0,7164.0,0.0,9456,50193.0,18.839280377741915
2024,comuna,10,Servicio de Salud Metropolitano Occidente,13117,Lo Prado,comuna,comuna,Hombre,0,4005.0,0.0,0,4369.0,0.0,0,4696.0,0.0,0,5020.0,0.0,0,4227.0,0.0,0,3903.0,0.0,0,3802.0,0.0,0,4276.0,0.0,0,4085.0,0.0,0,3566.0,0.0,0,8213.0,0.0,13433,50162.0,26.779235277700252
2024,comuna,10,Servicio de Salud Metropolitano Occidente,13124,Pudahuel,comuna,comuna,Hombre,0,7075.0,0.0,0,7426.0,0.0,0,8082.0,0.0,0,8314.0,0.0,0,6866.0,0.0,0,6284.0,0.0,0,5955.0,0.0,0,6195.0,0.0,0,6669.0,0.0,0,6213.0,0.0,0,11439.0,0.0,23279,80518.0,28.91154772845823
2024,comuna,10,Servicio de Salud Metropolitano Occidente,13126,Quinta Normal,comuna,comuna,Hombre,0,2879.0,0.0,0,3042.0,0.0,0,3596.0,0.0,0,3799.0,0.0,0,3292.0,0.0,0,2927.0,0.0,0,2787.0,0.0,0,2657.0,0.0,0,2591.0,0.0,0,2602.0,0.0,0,6028.0,0.0,10468,36200.0,28.917127071823206
2024,comuna,10,Servicio de Salud Metropolitano Occidente,13128,Renca,comuna,comuna,Hombre,0,4935.0,0.0,0,5015.0,0.0,0,5203.0,0.0,0,4992.0,0.0,0,4458.0,0.0,0,4489.0,0.0,0,4145.0,0.0,0,4282.0,0.0,0,3845.0,0.0,0,3422.0,0.0,0,7611.0,0.0,11596,52397.0,22.131038036528807
2024,comuna,10,Servicio de Salud Metropolitano Occidente,13501,Melipilla,comuna,comuna,Hombre,0,4030.0,0.0,0,4284.0,0.0,0,4469.0,0.0,0,4520.0,0.0,0,3956.0,0.0,0,3742.0,0.0,0,3351.0,0.0,0,3218.0,0.0,0,3414.0,0.0,0,3292.0,0.0,0,7825.0,0.0,9830,46101.0,21.32274787965554
2024,comuna,10,Servicio de Salud Metropolitano Occidente,13502,Alhué,comuna,comuna,Hombre,0,205.0,0.0,0,242.0,0.0,0,319.0,0.0,0,351.0,0.0,0,348.0,0.0,0,287.0,0.0,0,256.0,0.0,0,254.0,0.0,0,252.0,0.0,0,217.0,0.0,0,506.0,0.0,1243,3237.0,38.39975285758418
2024,comuna,10,Servicio de Salud Metropolitano Occidente,13503,Curacaví,comuna,comuna,Hombre,0,75.0,0.0,0,48.0,0.0,0,45.0,0.0,0,47.0,0.0,0,53.0,0.0,0,53.0,0.0,0,40.0,0.0,0,56.0,0.0,0,57.0,0.0,0,66.0,0.0,0,219.0,0.0,908,759.0,119.63109354413702
2024,comuna,10,Servicio de Salud Metropolitano Occidente,13504,Maria Pinto,comuna,comuna,Hombre,0,554.0,0.0,0,508.0,0.0,0,502.0,0.0,0,594.0,0.0,0,553.0,0.0,0,494.0,0.0,0,434.0,0.0,0,486.0,0.0,0,512.0,0.0,0,500.0,0.0,0,1114.0,0.0,1181,6251.0,18.892977123660216
2024,comuna,10,Servicio de Salud Metropolitano Occidente,13505,San Pedro,comuna,comuna,Hombre,0,409.0,0.0,0,496.0,0.0,0,623.0,0.0,0,554.0,0.0,0,513.0,0.0,0,429.0,0.0,0,394.0,0.0,0,365.0,0.0,0,392.0,0.0,0,379.0,0.0,0,964.0,0.0,1517,5518.0,27.49184487133019
2024,comuna,10,Servicio de Salud Metropolitano Occidente,13601,Talagante,comuna,comuna,Hombre,0,2084.0,0.0,0,2083.0,0.0,0,2334.0,0.0,0,2253.0,0.0,0,1871.0,0.0,0,1731.0,0.0,0,1538.0,0.0,0,1688.0,0.0,0,1675.0,0.0,0,1770.0,0.0,0,3331.0,0.0,5594,22358.0,25.02012702388407
2024,comuna,10,Servicio de Salud Metropolitano Occidente,13602,El Monte,comuna,comuna,Hombre,0,1143.0,0.0,0,1195.0,0.0,0,1360.0,0.0,0,1345.0,0.0,0,1327.0,0.0,0,1103.0,0.0,0,1019.0,0.0,0,1034.0,0.0,0,1043.0,0.0,0,926.0,0.0,0,1954.0,0.0,3265,13449.0,24.276897910625326
2024,comuna,10,Servicio de Salud Metropolitano Occidente,13603,Isla de Maipo,comuna,comuna,Hombre,0,1204.0,0.0,0,1291.0,0.0,0,1326.0,0.0,0,1386.0,0.0,0,1265.0,0.0,0,1088.0,0.0,0,1095.0,0.0,0,1058.0,0.0,0,1155.0,0.0,0,947.0,0.0,0,2141.0,0.0,3177,13956.0,22.76440240756664
2024,comuna,10,Servicio de Salud Metropolitano Occidente,13604,Padre Hurtado,comuna,comuna,Hombre,0,1806.0,0.0,0,1941.0,0.0,0,1870.0,0.0,0,1865.0,0.0,0,1638.0,0.0,0,1536.0,0.0,0,1515.0,0.0,0,1515.0,0.0,0,1567.0,0.0,0,1342.0,0.0,0,2988.0,0.0,4752,19583.0,24.265944952254507
2024,comuna,10,Servicio de Salud Metropolitano Occidente,13605,Peñaflor,comuna,comuna,Hombre,0,2986.0,0.0,0,3028.0,0.0,0,3184.0,0.0,0,2943.0,0.0,0,2477.0,0.0,0,2264.0,0.0,0,2334.0,0.0,0,2628.0,0.0,0,2412.0,0.0,0,2197.0,0.0,0,4762.0,0.0,8211,31215.0,26.304661220567034
2024,comuna,11,Servicio de Salud Metropolitano Central,13101,Santiago,comuna,comuna,Hombre,0,7200.0,0.0,0,6591.0,0.0,0,7606.0,0.0,0,9217.0,0.0,0,9142.0,0.0,0,8194.0,0.0,0,6781.0,0.0,0,5938.0,0.0,0,5523.0,0.0,0,5444.0,0.0,0,13131.0,0.0,21126,84767.0,24.922434437929855
2024,comuna,11,Servicio de Salud Metropolitano Central,13102,Cerrillos,comuna,comuna,Hombre,0,1751.0,0.0,0,1747.0,0.0,0,1692.0,0.0,0,1486.0,0.0,0,1279.0,0.0,0,1215.0,0.0,0,1134.0,0.0,0,1235.0,0.0,0,1312.0,0.0,0,1245.0,0.0,0,3242.0,0.0,5092,17338.0,29.36901603414465
2024,comuna,11,Servicio de Salud Metropolitano Central,13106,Estación Central,comuna,comuna,Hombre,0,2814.0,0.0,0,2603.0,0.0,0,3198.0,0.0,0,3740.0,0.0,0,3174.0,0.0,0,2614.0,0.0,0,2112.0,0.0,0,2108.0,0.0,0,2180.0,0.0,0,1954.0,0.0,0,4552.0,0.0,6812,31049.0,21.939514960224162
2024,comuna,11,Servicio de Salud Metropolitano Central,13119,Maipú,comuna,comuna,Hombre,0,10077.0,0.0,0,10546.0,0.0,0,10378.0,0.0,0,8696.0,0.0,0,6807.0,0.0,0,5919.0,0.0,0,5706.0,0.0,0,6395.0,0.0,0,8046.0,0.0,0,8895.0,0.0,0,19683.0,0.0,32221,101148.0,31.85530114287974
2024,comuna,12,Servicio de Salud Metropolitano Oriente,13113,La Reina,comuna,comuna,Hombre,0,1075.0,0.0,0,1330.0,0.0,0,1322.0,0.0,0,1312.0,0.0,0,1073.0,0.0,0,961.0,0.0,0,972.0,0.0,0,1086.0,0.0,0,1125.0,0.0,0,1118.0,0.0,0,3232.0,0.0,4978,14606.0,34.081884157195674
2024,comuna,12,Servicio de Salud Metropolitano Oriente,13114,Las Condes,comuna,comuna,Hombre,0,1651.0,0.0,0,1851.0,0.0,0,1994.0,0.0,0,2059.0,0.0,0,1815.0,0.0,0,1593.0,0.0,0,1562.0,0.0,0,1825.0,0.0,0,2015.0,0.0,0,2124.0,0.0,0,7088.0,0.0,8977,25577.0,35.097939555069004
2024,comuna,12,Servicio de Salud Metropolitano Oriente,13115,Lo Barnechea,comuna,comuna,Hombre,0,1189.0,0.0,0,1221.0,0.0,0,1363.0,0.0,0,1414.0,0.0,0,1176.0,0.0,0,1063.0,0.0,0,973.0,0.0,0,1039.0,0.0,0,1207.0,0.0,0,1122.0,0.0,0,2092.0,0.0,3561,13859.0,25.6944945522765
2024,comuna,12,Servicio de Salud Metropolitano Oriente,13118,Macul,comuna,comuna,Hombre,0,3525.0,0.0,0,4311.0,0.0,0,5157.0,0.0,0,5369.0,0.0,0,4468.0,0.0,0,3976.0,0.0,0,3705.0,0.0,0,3647.0,0.0,0,3749.0,0.0,0,3466.0,0.0,0,8175.0,0.0,14757,49548.0,29.78324049406636
2024,comuna,12,Servicio de Salud Metropolitano Oriente,13120,Ñuñoa,comuna,comuna,Hombre,0,1840.0,0.0,0,1998.0,0.0,0,2410.0,0.0,0,2548.0,0.0,0,2284.0,0.0,0,2129.0,0.0,0,2044.0,0.0,0,1911.0,0.0,0,2178.0,0.0,0,2516.0,0.0,0,7597.0,0.0,9970,29455.0,33.848243082668475
2024,comuna,12,Servicio de Salud Metropolitano Oriente,13122,Peñalolén,comuna,comuna,Hombre,0,6882.0,0.0,0,7492.0,0.0,0,8466.0,0.0,0,8565.0,0.0,0,7078.0,0.0,0,6569.0,0.0,0,6561.0,0.0,0,6948.0,0.0,0,6373.0,0.0,0,5232.0,0.0,0,11724.0,0.0,23608,81890.0,28.82891683966296
2024,comuna,12,Servicio de Salud Metropolitano Oriente,13123,Providencia,comuna,comuna,Hombre,0,1278.0,0.0,0,1512.0,0.0,0,1801.0,0.0,0,2143.0,0.0,0,1985.0,0.0,0,1905.0,0.0,0,1732.0,0.0,0,1658.0,0.0,0,1628.0,0.0,0,1781.0,0.0,0,5854.0,0.0,8378,23277.0,35.99261073162349
2024,comuna,12,Servicio de Salud Metropolitano Oriente,13132,Vitacura,comuna,comuna,Hombre,0,369.0,0.0,0,272.0,0.0,0,320.0,0.0,0,320.0,0.0,0,277.0,0.0,0,260.0,0.0,0,297.0,0.0,0,329.0,0.0,0,367.0,0.0,0,431.0,0.0,0,1390.0,0.0,2296,4632.0,49.568221070811745
2024,comuna,13,Servicio de Salud Metropolitano Sur,13105,El Bosque,comuna,comuna,Hombre,0,6146.0,0.0,0,6609.0,0.0,0,7326.0,0.0,0,7579.0,0.0,0,6370.0,0.0,0,5871.0,0.0,0,5045.0,0.0,0,5247.0,0.0,0,5170.0,0.0,0,4903.0,0.0,0,9909.0,0.0,21144,70175.0,30.13038831492697
2024,comuna,13,Servicio de Salud Metropolitano Sur,13109,La Cisterna,comuna,comuna,Hombre,0,2096.0,0.0,0,2136.0,0.0,0,2524.0,0.0,0,2573.0,0.0,0,2388.0,0.0,0,2032.0,0.0,0,1733.0,0.0,0,1791.0,0.0,0,1736.0,0.0,0,1863.0,0.0,0,4834.0,0.0,8859,25706.0,34.46277133743095
2024,comuna,13,Servicio de Salud Metropolitano Sur,13116,Lo Espejo,comuna,comuna,Hombre,0,3043.0,0.0,0,3387.0,0.0,0,3842.0,0.0,0,4146.0,0.0,0,3535.0,0.0,0,3098.0,0.0,0,2595.0,0.0,0,2763.0,0.0,0,2984.0,0.0,0,3306.0,0.0,0,5749.0,0.0,7880,38448.0,20.495214315439032
2024,comuna,13,Servicio de Salud Metropolitano Sur,13121,Pedro Aguirre Cerda,comuna,comuna,Hombre,0,3282.0,0.0,0,3710.0,0.0,0,4259.0,0.0,0,4558.0,0.0,0,3944.0,0.0,0,3543.0,0.0,0,3153.0,0.0,0,3067.0,0.0,0,3526.0,0.0,0,3775.0,0.0,0,7549.0,0.0,15689,44366.0,35.3626651039084
2024,comuna,13,Servicio de Salud Metropolitano Sur,13129,San Joaquín,comuna,comuna,Hombre,0,2643.0,0.0,0,3212.0,0.0,0,3757.0,0.0,0,3949.0,0.0,0,3305.0,0.0,0,3050.0,0.0,0,2513.0,0.0,0,2764.0,0.0,0,2878.0,0.0,0,2826.0,0.0,0,6252.0,0.0,10277,37149.0,27.664270909041967
2024,comuna,13,Servicio de Salud Metropolitano Sur,13130,San Miguel,comuna,comuna,Hombre,0,2434.0,0.0,0,2445.0,0.0,0,3114.0,0.0,0,3731.0,0.0,0,3258.0,0.0,0,2870.0,0.0,0,2423.0,0.0,0,2107.0,0.0,0,2278.0,0.0,0,2464.0,0.0,0,5831.0,0.0,10892,32955.0,33.05113032923684
2024,comuna,13,Servicio de Salud Metropolitano Sur,13401,San Bernardo,comuna,comuna,Hombre,0,8917.0,0.0,0,9454.0,0.0,0,9553.0,0.0,0,9090.0,0.0,0,7888.0,0.0,0,7526.0,0.0,0,7064.0,0.0,0,7287.0,0.0,0,7041.0,0.0,0,6392.0,0.0,0,12979.0,0.0,24102,93191.0,25.863012522668498
2024,comuna,13,Servicio de Salud Metropolitano Sur,13402,Buin,comuna,comuna,Hombre,0,3259.0,0.0,0,3389.0,0.0,0,3616.0,0.0,0,3801.0,0.0,0,3284.0,0.0,0,3105.0,0.0,0,2872.0,0.0,0,2800.0,0.0,0,2684.0,0.0,0,2547.0,0.0,0,4814.0,0.0,11289,36171.0,31.210085427552457
2024,comuna,13,Servicio de Salud Metropolitano Sur,13403,Calera de Tango,comuna,comuna,Hombre,0,667.0,0.0,0,676.0,0.0,0,728.0,0.0,0,745.0,0.0,0,641.0,0.0,0,631.0,0.0,0,564.0,0.0,0,564.0,0.0,0,599.0,0.0,0,539.0,0.0,0,1219.0,0.0,2678,7573.0,35.36247193978608
2024,comuna,13,Servicio de Salud Metropolitano Sur,13404,Paine,comuna,comuna,Hombre,0,2407.0,0.0,0,2512.0,0.0,0,2568.0,0.0,0,2833.0,0.0,0,2544.0,0.0,0,2459.0,0.0,0,2268.0,0.0,0,2180.0,0.0,0,2247.0,0.0,0,1986.0,0.0,0,4163.0,0.0,11192,28167.0,39.73444101253239
2024,comuna,14,Servicio de Salud Metropolitano Sur Oriente,13110,La Florida,comuna,comuna,Hombre,0,10245.0,0.0,0,11346.0,0.0,0,12548.0,0.0,0,12981.0,0.0,0,11375.0,0.0,0,10315.0,0.0,0,9317.0,0.0,0,9234.0,0.0,0,8934.0,0.0,0,9042.0,0.0,0,23459.0,0.0,25972,128796.0,20.165222522438587
2024,comuna,14,Servicio de Salud Metropolitano Sur Oriente,13111,La Granja,comuna,comuna,Hombre,0,5042.0,0.0,0,5569.0,0.0,0,6121.0,0.0,0,6266.0,0.0,0,5714.0,0.0,0,5239.0,0.0,0,4595.0,0.0,0,4353.0,0.0,0,4257.0,0.0,0,4467.0,0.0,0,8531.0,0.0,10137,60154.0,16.85174718223227
2024,comuna,14,Servicio de Salud Metropolitano Sur Oriente,13112,La Pintana,comuna,comuna,Hombre,0,6055.0,0.0,0,6089.0,0.0,0,6405.0,0.0,0,6305.0,0.0,0,5405.0,0.0,0,5532.0,0.0,0,4880.0,0.0,0,4836.0,0.0,0,4615.0,0.0,0,4187.0,0.0,0,8712.0,0.0,12757,63021.0,20.24245886291871
2024,comuna,14,Servicio de Salud Metropolitano Sur Oriente,13131,San Ramón,comuna,comuna,Hombre,0,2622.0,0.0,0,2968.0,0.0,0,3104.0,0.0,0,3115.0,0.0,0,2442.0,0.0,0,2420.0,0.0,0,2422.0,0.0,0,2913.0,0.0,0,2830.0,0.0,0,2303.0,0.0,0,5414.0,0.0,8837,32553.0,27.146499554572546
2024,comuna,14,Servicio de Salud Metropolitano Sur Oriente,13201,Puente Alto,comuna,comuna,Hombre,0,15069.0,0.0,0,15625.0,0.0,0,15724.0,0.0,0,15050.0,0.0,0,12101.0,0.0,0,11249.0,0.0,0,10357.0,0.0,0,11387.0,0.0,0,12882.0,0.0,0,12534.0,0.0,0,22577.0,0.0,22130,154555.0,14.318527385073274
2024,comuna,14,Servicio de Salud Metropolitano Sur Oriente,13202,Pirque,comuna,comuna,Hombre,0,783.0,0.0,0,814.0,0.0,0,870.0,0.0,0,994.0,0.0,0,812.0,0.0,0,754.0,0.0,0,781.0,0.0,0,788.0,0.0,0,816.0,0.0,0,795.0,0.0,0,1762.0,0.0,2518,9969.0,25.25830073227004
2024,comuna,14,Servicio de Salud Metropolitano Sur Oriente,13203,San José de Maipo,comuna,comuna,Hombre,0,92.0,0.0,0,103.0,0.0,0,83.0,0.0,0,84.0,0.0,0,66.0,0.0,0,62.0,0.0,0,64.0,0.0,0,75.0,0.0,0,76.0,0.0,0,79.0,0.0,0,141.0,0.0,180,925.0,19.45945945945946
2025,comuna,9,Servicio de Salud Metropolitano Norte,13104,Conchalí,comuna,comuna,Hombre,0,4111.0,0.0,0,4073.0,0.0,0,4433.0,0.0,0,4472.0,0.0,0,4056.0,0.0,0,3448.0,0.0,0,3117.0,0.0,0,3415.0,0.0,0,3518.0,0.0,0,3539.0,0.0,0,8454.0,0.0,20609,46636.0,44.19118277725362
2025,comuna,9,Servicio de Salud Metropolitano Norte,13107,Huechuraba,comuna,comuna,Hombre,0,2510.0,0.0,0,2722.0,0.0,0,2954.0,0.0,0,3046.0,0.0,0,2658.0,0.0,0,2230.0,0.0,0,2010.0,0.0,0,2464.0,0.0,0,2411.0,0.0,0,2011.0,0.0,0,4305.0,0.0,12756,29321.0,43.504655366460895
2025,comuna,9,Servicio de Salud Metropolitano Norte,13108,Independencia,comuna,comuna,Hombre,0,2939.0,0.0,0,2391.0,0.0,0,2630.0,0.0,0,3176.0,0.0,0,3153.0,0.0,0,2720.0,0.0,0,2240.0,0.0,0,2059.0,0.0,0,1830.0,0.0,0,1782.0,0.0,0,4787.0,0.0,7591,29707.0,25.552899989901366
2025,comuna,9,Servicio de Salud Metropolitano Norte,13125,Quilicura,comuna,comuna,Hombre,0,6195.0,0.0,0,6204.0,0.0,0,6065.0,0.0,0,6143.0,0.0,0,5790.0,0.0,0,5155.0,0.0,0,4356.0,0.0,0,4937.0,0.0,0,4562.0,0.0,0,4268.0,0.0,0,7147.0,0.0,18535,60822.0,30.474170530400187
2025,comuna,9,Servicio de Salud Metropolitano Norte,13127,Recoleta,comuna,comuna,Hombre,0,4449.0,0.0,0,4275.0,0.0,0,4706.0,0.0,0,5030.0,0.0,0,4623.0,0.0,0,4109.0,0.0,0,3834.0,0.0,0,3755.0,0.0,0,3638.0,0.0,0,3419.0,0.0,0,8366.0,0.0,16561,50204.0,32.98741136164449
2025,comuna,9,Servicio de Salud Metropolitano Norte,13301,Colina,comuna,comuna,Hombre,0,4826.0,0.0,0,4435.0,0.0,0,5139.0,0.0,0,5727.0,0.0,0,5492.0,0.0,0,4815.0,0.0,0,4053.0,0.0,0,3956.0,0.0,0,3450.0,0.0,0,2811.0,0.0,0,5334.0,0.0,13919,50038.0,27.81685918701787
2025,comuna,9,Servicio de Salud Metropolitano Norte,13302,Lampa,comuna,comuna,Hombre,0,3336.0,0.0,0,3001.0,0.0,0,3120.0,0.0,0,3275.0,0.0,0,3054.0,0.0,0,2733.0,0.0,0,2277.0,0.0,0,2305.0,0.0,0,2108.0,0.0,0,1925.0,0.0,0,3656.0,0.0,12103,30790.0,39.308216953556354
2025,comuna,9,Servicio de Salud Metropolitano Norte,13303,Tiltil,comuna,comuna,Hombre,0,723.0,0.0,0,675.0,0.0,0,647.0,0.0,0,696.0,0.0,0,560.0,0.0,0,451.0,0.0,0,418.0,0.0,0,482.0,0.0,0,498.0,0.0,0,479.0,0.0,0,1089.0,0.0,1172,6718.0,17.445668353676687
2025,comuna,10,Servicio de Salud Metropolitano Occidente,13103,Cerro Navia,comuna,comuna,Hombre,0,4031.0,0.0,0,4361.0,0.0,0,5151.0,0.0,0,5449.0,0.0,0,4654.0,0.0,0,4164.0,0.0,0,3792.0,0.0,0,4476.0,0.0,0,4035.0,0.0,0,3475.0,0.0,0,7383.0,0.0,14907,50971.0,29.24604186694395
2025,comuna,10,Servicio de Salud Metropolitano Occidente,13117,Lo Prado,comuna,comuna,Hombre,0,4182.0,0.0,0,4350.0,0.0,0,4764.0,0.0,0,5163.0,0.0,0,4579.0,0.0,0,4011.0,0.0,0,3762.0,0.0,0,4326.0,0.0,0,4039.0,0.0,0,3773.0,0.0,0,8403.0,0.0,19292,51352.0,37.56815703380589
2025,comuna,10,Servicio de Salud Metropolitano Occidente,13124,Pudahuel,comuna,comuna,Hombre,0,7371.0,0.0,0,7439.0,0.0,0,8180.0,0.0,0,8558.0,0.0,0,7452.0,0.0,0,6515.0,0.0,0,5950.0,0.0,0,6324.0,0.0,0,6425.0,0.0,0,6452.0,0.0,0,12087.0,0.0,36447,82753.0,44.043116261646105
2025,comuna,10,Servicio de Salud Metropolitano Occidente,13126,Quinta Normal,comuna,comuna,Hombre,0,3153.0,0.0,0,3087.0,0.0,0,3679.0,0.0,0,3939.0,0.0,0,3612.0,0.0,0,3134.0,0.0,0,2825.0,0.0,0,2803.0,0.0,0,2563.0,0.0,0,2689.0,0.0,0,6258.0,0.0,14760,37742.0,39.107625457050496
2025,comuna,10,Servicio de Salud Metropolitano Occidente,13128,Renca,comuna,comuna,Hombre,0,5283.0,0.0,0,5040.0,0.0,0,5312.0,0.0,0,5338.0,0.0,0,4813.0,0.0,0,4572.0,0.0,0,4232.0,0.0,0,4409.0,0.0,0,3945.0,0.0,0,3569.0,0.0,0,7893.0,0.0,17650,54406.0,32.441274859390504
2025,comuna,10,Servicio de Salud Metropolitano Occidente,13501,Melipilla,comuna,comuna,Hombre,0,4275.0,0.0,0,4264.0,0.0,0,4719.0,0.0,0,4794.0,0.0,0,4410.0,0.0,0,3946.0,0.0,0,3459.0,0.0,0,3288.0,0.0,0,3495.0,0.0,0,3401.0,0.0,0,8261.0,0.0,13133,48312.0,27.18372247060772
2025,comuna,10,Servicio de Salud Metropolitano Occidente,13502,Alhué,comuna,comuna,Hombre,0,225.0,0.0,0,258.0,0.0,0,321.0,0.0,0,398.0,0.0,0,382.0,0.0,0,324.0,0.0,0,266.0,0.0,0,263.0,0.0,0,266.0,0.0,0,231.0,0.0,0,551.0,0.0,1846,3485.0,52.96987087517934
2025,comuna,10,Servicio de Salud Metropolitano Occidente,13503,Curacaví,comuna,comuna,Hombre,0,97.0,0.0,0,53.0,0.0,0,49.0,0.0,0,67.0,0.0,0,81.0,0.0,0,59.0,0.0,0,54.0,0.0,0,68.0,0.0,0,66.0,0.0,0,74.0,0.0,0,236.0,0.0,964,904.0,106.63716814159292
2025,comuna,10,Servicio de Salud Metropolitano Occidente,13504,Maria Pinto,comuna,comuna,Hombre,0,597.0,0.0,0,512.0,0.0,0,502.0,0.0,0,610.0,0.0,0,588.0,0.0,0,513.0,0.0,0,461.0,0.0,0,496.0,0.0,0,517.0,0.0,0,501.0,0.0,0,1203.0,0.0,2475,6500.0,38.07692307692307
2025,comuna,10,Servicio de Salud Metropolitano Occidente,13505,San Pedro,comuna,comuna,Hombre,0,446.0,0.0,0,521.0,0.0,0,688.0,0.0,0,626.0,0.0,0,573.0,0.0,0,476.0,0.0,0,419.0,0.0,0,414.0,0.0,0,397.0,0.0,0,380.0,0.0,0,1034.0,0.0,2450,5974.0,41.01104787412119
2025,comuna,10,Servicio de Salud Metropolitano Occidente,13601,Talagante,comuna,comuna,Hombre,0,2160.0,0.0,0,2087.0,0.0,0,2305.0,0.0,0,2384.0,0.0,0,2043.0,0.0,0,1783.0,0.0,0,1582.0,0.0,0,1672.0,0.0,0,1723.0,0.0,0,1768.0,0.0,0,3571.0,0.0,10171,23078.0,44.07227662709074
2025,comuna,10,Servicio de Salud Metropolitano Occidente,13602,El Monte,comuna,comuna,Hombre,0,1223.0,0.0,0,1218.0,0.0,0,1368.0,0.0,0,1408.0,0.0,0,1410.0,0.0,0,1215.0,0.0,0,1067.0,0.0,0,1063.0,0.0,0,1009.0,0.0,0,1030.0,0.0,0,2074.0,0.0,4409,14085.0,31.302804401845936
2025,comuna,10,Servicio de Salud Metropolitano Occidente,13603,Isla de Maipo,comuna,comuna,Hombre,0,1271.0,0.0,0,1266.0,0.0,0,1423.0,0.0,0,1442.0,0.0,0,1406.0,0.0,0,1173.0,0.0,0,1135.0,0.0,0,1074.0,0.0,0,1152.0,0.0,0,1022.0,0.0,0,2274.0,0.0,5142,14638.0,35.127749692580956
2025,comuna,10,Servicio de Salud Metropolitano Occidente,13604,Padre Hurtado,comuna,comuna,Hombre,0,1961.0,0.0,0,1968.0,0.0,0,1996.0,0.0,0,1964.0,0.0,0,1899.0,0.0,0,1706.0,0.0,0,1585.0,0.0,0,1576.0,0.0,0,1569.0,0.0,0,1498.0,0.0,0,3163.0,0.0,8733,20885.0,41.81469954512808
2025,comuna,10,Servicio de Salud Metropolitano Occidente,13605,Peñaflor,comuna,comuna,Hombre,0,3082.0,0.0,0,3055.0,0.0,0,3338.0,0.0,0,3110.0,0.0,0,2633.0,0.0,0,2381.0,0.0,0,2297.0,0.0,0,2690.0,0.0,0,2464.0,0.0,0,2277.0,0.0,0,4961.0,0.0,12531,32288.0,38.81008424182359
2025,comuna,11,Servicio de Salud Metropolitano Central,13101,Santiago,comuna,comuna,Hombre,0,8301.0,0.0,0,7052.0,0.0,0,7871.0,0.0,0,9978.0,0.0,0,10205.0,0.0,0,8969.0,0.0,0,7456.0,0.0,0,6371.0,0.0,0,5813.0,0.0,0,5684.0,0.0,0,13909.0,0.0,29997,91609.0,32.74459932976018
2025,comuna,11,Servicio de Salud Metropolitano Central,13102,Cerrillos,comuna,comuna,Hombre,0,1911.0,0.0,0,1787.0,0.0,0,1818.0,0.0,0,1688.0,0.0,0,1512.0,0.0,0,1341.0,0.0,0,1242.0,0.0,0,1339.0,0.0,0,1409.0,0.0,0,1391.0,0.0,0,3502.0,0.0,8875,18940.0,46.858500527983104
2025,comuna,11,Servicio de Salud Metropolitano Central,13106,Estación Central,comuna,comuna,Hombre,0,3181.0,0.0,0,2749.0,0.0,0,3311.0,0.0,0,4002.0,0.0,0,3641.0,0.0,0,2950.0,0.0,0,2315.0,0.0,0,2223.0,0.0,0,2210.0,0.0,0,2117.0,0.0,0,4730.0,0.0,10111,33429.0,30.246193424870622
2025,comuna,11,Servicio de Salud Metropolitano Central,13119,Maipú,comuna,comuna,Hombre,0,10697.0,0.0,0,10981.0,0.0,0,11145.0,0.0,0,9514.0,0.0,0,7910.0,0.0,0,6642.0,0.0,0,6034.0,0.0,0,6790.0,0.0,0,8161.0,0.0,0,9429.0,0.0,0,21661.0,0.0,42820,108964.0,39.29738262178334
2025,comuna,12,Servicio de Salud Metropolitano Oriente,13113,La Reina,comuna,comuna,Hombre,0,1104.0,0.0,0,1352.0,0.0,0,1384.0,0.0,0,1373.0,0.0,0,1214.0,0.0,0,997.0,0.0,0,1008.0,0.0,0,1101.0,0.0,0,1154.0,0.0,0,1179.0,0.0,0,3362.0,0.0,6693,15228.0,43.951930654058316
2025,comuna,12,Servicio de Salud Metropolitano Oriente,13114,Las Condes,comuna,comuna,Hombre,0,1711.0,0.0,0,1863.0,0.0,0,2049.0,0.0,0,2208.0,0.0,0,2031.0,0.0,0,1711.0,0.0,0,1622.0,0.0,0,1870.0,0.0,0,2068.0,0.0,0,2247.0,0.0,0,7439.0,0.0,11198,26819.0,41.75398038703904
2025,comuna,12,Servicio de Salud Metropolitano Oriente,13115,Lo Barnechea,comuna,comuna,Hombre,0,1221.0,0.0,0,1222.0,0.0,0,1377.0,0.0,0,1466.0,0.0,0,1250.0,0.0,0,1123.0,0.0,0,998.0,0.0,0,1037.0,0.0,0,1181.0,0.0,0,1182.0,0.0,0,2198.0,0.0,4257,14255.0,29.863205892669235
2025,comuna,12,Servicio de Salud Metropolitano Oriente,13118,Macul,comuna,comuna,Hombre,0,3736.0,0.0,0,4298.0,0.0,0,5297.0,0.0,0,5827.0,0.0,0,4922.0,0.0,0,4268.0,0.0,0,3794.0,0.0,0,3656.0,0.0,0,3782.0,0.0,0,3553.0,0.0,0,8271.0,0.0,18456,51404.0,35.90382071434129
2025,comuna,12,Servicio de Salud Metropolitano Oriente,13120,Ñuñoa,comuna,comuna,Hombre,0,2098.0,0.0,0,2111.0,0.0,0,2593.0,0.0,0,2932.0,0.0,0,2712.0,0.0,0,2424.0,0.0,0,2254.0,0.0,0,2123.0,0.0,0,2239.0,0.0,0,2634.0,0.0,0,8163.0,0.0,14163,32283.0,43.87138741752625
2025,comuna,12,Servicio de Salud Metropolitano Oriente,13122,Peñalolén,comuna,comuna,Hombre,0,7089.0,0.0,0,7355.0,0.0,0,8354.0,0.0,0,8799.0,0.0,0,7579.0,0.0,0,6586.0,0.0,0,6373.0,0.0,0,7067.0,0.0,0,6540.0,0.0,0,5442.0,0.0,0,12073.0,0.0,30718,83257.0,36.89539618290354
2025,comuna,12,Servicio de Salud Metropolitano Oriente,13123,Providencia,comuna,comuna,Hombre,0,1353.0,0.0,0,1491.0,0.0,0,1967.0,0.0,0,2220.0,0.0,0,2331.0,0.0,0,2104.0,0.0,0,1814.0,0.0,0,1815.0,0.0,0,1682.0,0.0,0,1841.0,0.0,0,6070.0,0.0,10163,24688.0,41.16574854180168
2025,comuna,12,Servicio de Salud Metropolitano Oriente,13132,Vitacura,comuna,comuna,Hombre,0,415.0,0.0,0,300.0,0.0,0,327.0,0.0,0,383.0,0.0,0,307.0,0.0,0,324.0,0.0,0,308.0,0.0,0,352.0,0.0,0,401.0,0.0,0,445.0,0.0,0,1442.0,0.0,3297,5004.0,65.88729016786571
2025,comuna,13,Servicio de Salud Metropolitano Sur,13105,El Bosque,comuna,comuna,Hombre,0,6450.0,0.0,0,6616.0,0.0,0,7307.0,0.0,0,7725.0,0.0,0,6831.0,0.0,0,6094.0,0.0,0,5011.0,0.0,0,5372.0,0.0,0,5074.0,0.0,0,5002.0,0.0,0,10210.0,0.0,29485,71692.0,41.12732243486023
2025,comuna,13,Servicio de Salud Metropolitano Sur,13109,La Cisterna,comuna,comuna,Hombre,0,2331.0,0.0,0,2159.0,0.0,0,2604.0,0.0,0,2802.0,0.0,0,2652.0,0.0,0,2176.0,0.0,0,1812.0,0.0,0,1848.0,0.0,0,1811.0,0.0,0,1836.0,0.0,0,5036.0,0.0,12692,27067.0,46.891048139801235
2025,comuna,13,Servicio de Salud Metropolitano Sur,13116,Lo Espejo,comuna,comuna,Hombre,0,3268.0,0.0,0,3329.0,0.0,0,3766.0,0.0,0,4279.0,0.0,0,3790.0,0.0,0,3246.0,0.0,0,2579.0,0.0,0,2840.0,0.0,0,2878.0,0.0,0,3266.0,0.0,0,6129.0,0.0,12892,39370.0,32.745745491490986
2025,comuna,13,Servicio de Salud Metropolitano Sur,13121,Pedro Aguirre Cerda,comuna,comuna,Hombre,0,3413.0,0.0,0,3650.0,0.0,0,4259.0,0.0,0,4600.0,0.0,0,4263.0,0.0,0,3677.0,0.0,0,3220.0,0.0,0,3186.0,0.0,0,3323.0,0.0,0,3890.0,0.0,0,7789.0,0.0,21271,45270.0,46.98696708637066
2025,comuna,13,Servicio de Salud Metropolitano Sur,13129,San Joaquín,comuna,comuna,Hombre,0,2826.0,0.0,0,3186.0,0.0,0,3684.0,0.0,0,4154.0,0.0,0,3595.0,0.0,0,3141.0,0.0,0,2621.0,0.0,0,2747.0,0.0,0,2924.0,0.0,0,2951.0,0.0,0,6479.0,0.0,14680,38308.0,38.320977341547454
2025,comuna,13,Servicio de Salud Metropolitano Sur,13130,San Miguel,comuna,comuna,Hombre,0,2690.0,0.0,0,2579.0,0.0,0,3276.0,0.0,0,4038.0,0.0,0,3787.0,0.0,0,3179.0,0.0,0,2634.0,0.0,0,2308.0,0.0,0,2269.0,0.0,0,2543.0,0.0,0,6219.0,0.0,15356,35522.0,43.22954788581724
2025,comuna,13,Servicio de Salud Metropolitano Sur,13401,San Bernardo,comuna,comuna,Hombre,0,9301.0,0.0,0,9318.0,0.0,0,9837.0,0.0,0,9429.0,0.0,0,8553.0,0.0,0,7819.0,0.0,0,6988.0,0.0,0,7416.0,0.0,0,7129.0,0.0,0,6549.0,0.0,0,13690.0,0.0,34049,96029.0,35.45699736537921
2025,comuna,13,Servicio de Salud Metropolitano Sur,13402,Buin,comuna,comuna,Hombre,0,3424.0,0.0,0,3412.0,0.0,0,3701.0,0.0,0,3958.0,0.0,0,3648.0,0.0,0,3249.0,0.0,0,2900.0,0.0,0,2928.0,0.0,0,2743.0,0.0,0,2582.0,0.0,0,5121.0,0.0,14626,37666.0,38.83077576594276
2025,comuna,13,Servicio de Salud Metropolitano Sur,13403,Calera de Tango,comuna,comuna,Hombre,0,693.0,0.0,0,685.0,0.0,0,715.0,0.0,0,785.0,0.0,0,690.0,0.0,0,645.0,0.0,0,558.0,0.0,0,588.0,0.0,0,618.0,0.0,0,572.0,0.0,0,1286.0,0.0,3910,7835.0,49.90427568602425
2025,comuna,13,Servicio de Salud Metropolitano Sur,13404,Paine,comuna,comuna,Hombre,0,2554.0,0.0,0,2569.0,0.0,0,2615.0,0.0,0,2937.0,0.0,0,2718.0,0.0,0,2578.0,0.0,0,2307.0,0.0,0,2234.0,0.0,0,2284.0,0.0,0,2068.0,0.0,0,4496.0,0.0,15065,29360.0,51.311307901907355
2025,comuna,14,Servicio de Salud Metropolitano Sur Oriente,13110,La Florida,comuna,comuna,Hombre,0,10752.0,0.0,0,11447.0,0.0,0,12831.0,0.0,0,13614.0,0.0,0,12341.0,0.0,0,10953.0,0.0,0,9525.0,0.0,0,9602.0,0.0,0,9040.0,0.0,0,9105.0,0.0,0,24646.0,0.0,38899,133856.0,29.060333492708583
2025,comuna,14,Servicio de Salud Metropolitano Sur Oriente,13111,La Granja,comuna,comuna,Hombre,0,4969.0,0.0,0,5320.0,0.0,0,5907.0,0.0,0,6202.0,0.0,0,5849.0,0.0,0,5268.0,0.0,0,4402.0,0.0,0,4390.0,0.0,0,4108.0,0.0,0,4449.0,0.0,0,8825.0,0.0,14757,59689.0,24.723148318785707
2025,comuna,14,Servicio de Salud Metropolitano Sur Oriente,13112,La Pintana,comuna,comuna,Hombre,0,6266.0,0.0,0,6048.0,0.0,0,6550.0,0.0,0,6564.0,0.0,0,5657.0,0.0,0,5632.0,0.0,0,4880.0,0.0,0,5038.0,0.0,0,4560.0,0.0,0,4290.0,0.0,0,9137.0,0.0,18545,64622.0,28.697657144625673
2025,comuna,14,Servicio de Salud Metropolitano Sur Oriente,13131,San Ramón,comuna,comuna,Hombre,0,2797.0,0.0,0,2936.0,0.0,0,3241.0,0.0,0,3220.0,0.0,0,2745.0,0.0,0,2516.0,0.0,0,2424.0,0.0,0,2914.0,0.0,0,2935.0,0.0,0,2446.0,0.0,0,5570.0,0.0,12706,33744.0,37.654101469890946
2025,comuna,14,Servicio de Salud Metropolitano Sur Oriente,13201,Puente Alto,comuna,comuna,Hombre,0,15735.0,0.0,0,15721.0,0.0,0,16257.0,0.0,0,16056.0,0.0,0,13341.0,0.0,0,11976.0,0.0,0,10471.0,0.0,0,11693.0,0.0,0,12604.0,0.0,0,13182.0,0.0,0,24242.0,0.0,25838,161278.0,16.020783987896674
2025,comuna,14,Servicio de Salud Metropolitano Sur Oriente,13202,Pirque,comuna,comuna,Hombre,0,832.0,0.0,0,842.0,0.0,0,863.0,0.0,0,1028.0,0.0,0,906.0,0.0,0,755.0,0.0,0,792.0,0.0,0,823.0,0.0,0,821.0,0.0,0,827.0,0.0,0,1851.0,0.0,4536,10340.0,43.868471953578336
2025,comuna,14,Servicio de Salud Metropolitano Sur Oriente,13203,San José de Maipo,comuna,comuna,Hombre,0,79.0,0.0,0,102.0,0.0,0,96.0,0.0,0,83.0,0.0,0,70.0,0.0,0,62.0,0.0,0,58.0,0.0,0,72.0,0.0,0,73.0,0.0,0,84.0,0.0,0,151.0,0.0,209,930.0,22.473118279569892
