Ano,nivel_geografico_x,IdServicio_master,servicio_salud_master,IdComuna_master,comuna_master,total_15_mas_numerador,15_19_numerador,20_24_numerador,25_29_numerador,30_34_numerador,35_39_numerador,40_44_numerador,45_49_numerador,50_54_numerador,55_59_numerador,60_64_numerador,65_mas_numerador,nivel_geografico_y,nivel_geografico,sexo,15_19_denominador,15_19_cobertura_pct,20_24_denominador,20_24_cobertura_pct,25_29_denominador,25_29_cobertura_pct,30_34_denominador,30_34_cobertura_pct,35_39_denominador,35_39_cobertura_pct,40_44_denominador,40_44_cobertura_pct,45_49_denominador,45_49_cobertura_pct,50_54_denominador,50_54_cobertura_pct,55_59_denominador,55_59_cobertura_pct,60_64_denominador,60_64_cobertura_pct,65_mas_denominador,65_mas_cobertura_pct,total_15_mas_denominador,total_15_mas_cobertura_pct
2023,comuna,9,Servicio de Salud Metropolitano Norte,13104,Conchalí,11594.0,13.0,753.0,871.0,851.0,728.0,650.0,594.0,533.0,440.0,350.0,5811.0,comuna,comuna,Mujer,3616.0,0.35951327433628316,4183.0,18.001434377241214,4925.0,17.685279187817258,4987.0,17.06436735512332,4264.0,17.073170731707318,3902.0,16.658124038954384,3731.0,15.920664701152507,3895.0,13.684210526315791,4259.0,10.331063629960084,3773.0,9.276437847866418,12091.0,48.060540898188734,53626.0,21.62010964830493
2023,comuna,9,Servicio de Salud Metropolitano Norte,13107,Huechuraba,8439.0,10.0,716.0,922.0,815.0,641.0,567.0,490.0,535.0,413.0,247.0,3083.0,comuna,comuna,Mujer,2464.0,0.4058441558441558,2849.0,25.13162513162513,3166.0,29.121920404295643,3050.0,26.721311475409838,2578.0,24.86423584173778,2269.0,24.9889819303658,2423.0,20.222864217911678,2693.0,19.86632008911994,2562.0,16.120218579234972,2001.0,12.343828085957021,5935.0,51.94608256107834,31990.0,26.380118787120978
2023,comuna,9,Servicio de Salud Metropolitano Norte,13108,Independencia,5011.0,31.0,187.0,323.0,378.0,383.0,314.0,331.0,232.0,174.0,155.0,2503.0,comuna,comuna,Mujer,2225.0,1.3932584269662922,2822.0,6.626506024096386,4609.0,7.008027771750921,4924.0,7.676685621445979,4250.0,9.011764705882353,3505.0,8.958630527817403,3021.0,10.956636875206884,2702.0,8.586232420429312,2630.0,6.61596958174905,2454.0,6.316218418907906,7275.0,34.40549828178694,40417.0,12.398248261870005
2023,comuna,9,Servicio de Salud Metropolitano Norte,13125,Quilicura,12479.0,9.0,1214.0,1335.0,1318.0,1165.0,990.0,866.0,781.0,603.0,441.0,3757.0,comuna,comuna,Mujer,5425.0,0.16589861751152074,6391.0,18.995462368956346,7383.0,18.082080455099554,7556.0,17.443091582848066,6241.0,18.666880307643005,5726.0,17.28955640936081,5630.0,15.381882770870337,5781.0,13.509773395606297,5466.0,11.031833150384193,4636.0,9.51251078515962,8589.0,43.74199557573641,68824.0,18.131756364059047
2023,comuna,9,Servicio de Salud Metropolitano Norte,13127,Recoleta,11966.0,45.0,807.0,944.0,929.0,875.0,766.0,659.0,609.0,451.0,371.0,5510.0,comuna,comuna,Mujer,3709.0,1.2132650310056619,4539.0,17.779246530072705,5716.0,16.515045486354094,5878.0,15.804695474651243,5079.0,17.227800748178776,4656.0,16.45189003436426,4415.0,14.92638731596829,4139.0,14.713698961101715,4158.0,10.846560846560847,3785.0,9.801849405548218,11330.0,48.63195057369815,57404.0,20.845237265695772
2023,comuna,9,Servicio de Salud Metropolitano Norte,13301,Colina,10780.0,143.0,931.0,1153.0,1260.0,1139.0,1051.0,903.0,753.0,512.0,299.0,2636.0,comuna,comuna,Mujer,3841.0,3.7229888049986983,4164.0,22.358309317963496,4593.0,25.103418245155673,4706.0,26.774330641733957,3978.0,28.63247863247863,3797.0,27.679747168817485,3546.0,25.465313028764808,3483.0,21.619293712316967,3138.0,16.316124920331422,2594.0,11.526599845797996,5289.0,49.83928909056532,43129.0,24.99478309258272
2023,comuna,9,Servicio de Salud Metropolitano Norte,13302,Lampa,6647.0,101.0,704.0,833.0,928.0,714.0,601.0,467.0,312.0,241.0,154.0,1592.0,comuna,comuna,Mujer,2862.0,3.5290006988120197,3010.0,23.388704318936878,3436.0,24.243306169965077,3624.0,25.607064017660043,2928.0,24.385245901639344,2775.0,21.65765765765766,2425.0,19.257731958762886,2237.0,13.94725078229772,2099.0,11.481657932348737,1746.0,8.82016036655212,3459.0,46.024862677074296,30601.0,21.721512368876834
2023,comuna,9,Servicio de Salud Metropolitano Norte,13303,Tiltil,649.0,17.0,42.0,65.0,67.0,46.0,60.0,60.0,32.0,38.0,20.0,202.0,comuna,comuna,Mujer,477.0,3.563941299790356,530.0,7.9245283018867925,585.0,11.11111111111111,612.0,10.947712418300654,527.0,8.72865275142315,454.0,13.215859030837004,469.0,12.79317697228145,454.0,7.048458149779736,502.0,7.569721115537849,436.0,4.587155963302752,973.0,20.76053442959918,6019.0,10.782522013623526
2023,comuna,10,Servicio de Salud Metropolitano Occidente,13103,Cerro Navia,8631.0,74.0,755.0,853.0,811.0,635.0,511.0,467.0,464.0,365.0,218.0,3478.0,comuna,comuna,Mujer,4004.0,1.848151848151848,4665.0,16.184351554126476,5662.0,15.06534793359237,5458.0,14.858922682301209,4548.0,13.962181178540018,4163.0,12.274801825606534,4266.0,10.947022972339427,4425.0,10.48587570621469,4259.0,8.570086874853251,3426.0,6.363105662580268,9582.0,36.29722396159465,54458.0,15.848911087443534
2023,comuna,10,Servicio de Salud Metropolitano Occidente,13117,Lo Prado,12754.0,142.0,1084.0,1200.0,1207.0,1009.0,884.0,864.0,745.0,594.0,432.0,4593.0,comuna,comuna,Mujer,3786.0,3.750660327522451,4741.0,22.864374604513817,5574.0,21.52852529601722,5874.0,20.548178413346953,4681.0,21.55522324289682,4489.0,19.692581866785474,4852.0,17.807089859851608,4753.0,15.674310961498,4652.0,12.768701633705934,3966.0,10.892586989409985,12066.0,38.06563898557931,59434.0,21.45909748628731
2023,comuna,10,Servicio de Salud Metropolitano Occidente,13124,Pudahuel,18801.0,512.0,1334.0,1599.0,1670.0,1399.0,1325.0,1164.0,1121.0,1096.0,924.0,6657.0,comuna,comuna,Mujer,6725.0,7.613382899628253,7440.0,17.93010752688172,9160.0,17.45633187772926,9268.0,18.018990073370738,7644.0,18.301936159079016,7147.0,18.539247236602773,7000.0,16.62857142857143,7090.0,15.811001410437237,7991.0,13.715429858590914,6965.0,13.266331658291458,15053.0,44.223742775526475,91483.0,20.55135926893521
2023,comuna,10,Servicio de Salud Metropolitano Occidente,13126,Quinta Normal,9065.0,128.0,717.0,732.0,650.0,530.0,457.0,387.0,360.0,314.0,245.0,4545.0,comuna,comuna,Mujer,2650.0,4.830188679245283,3408.0,21.038732394366196,4248.0,17.231638418079097,4445.0,14.623172103487065,3717.0,14.25881086898036,3327.0,13.736098587315901,3198.0,12.101313320825517,2979.0,12.084592145015106,3179.0,9.877319911921987,2924.0,8.378932968536251,8606.0,52.8119916337439,42681.0,21.238958787282396
2023,comuna,10,Servicio de Salud Metropolitano Occidente,13128,Renca,11651.0,389.0,965.0,1069.0,1052.0,911.0,775.0,693.0,641.0,537.0,443.0,4176.0,comuna,comuna,Mujer,4498.0,8.648288128056913,5275.0,18.29383886255924,5840.0,18.304794520547947,5681.0,18.51786657278648,4903.0,18.580460942280236,4940.0,15.688259109311742,4787.0,14.476707750156676,4446.0,14.417453891138102,4188.0,12.822349570200572,3869.0,11.449987076764021,10070.0,41.469712015888774,58497.0,19.91726071422466
2023,comuna,10,Servicio de Salud Metropolitano Occidente,13501,Melipilla,7325.0,33.0,601.0,722.0,847.0,657.0,589.0,423.0,357.0,269.0,181.0,2646.0,comuna,comuna,Mujer,3646.0,0.9051014810751509,4393.0,13.680855907124972,4822.0,14.973040232268769,5046.0,16.78557273087594,4254.0,15.444287729196052,3975.0,14.817610062893083,3695.0,11.447902571041949,3589.0,9.94706046252438,3828.0,7.027168234064786,3405.0,5.3157121879588844,8706.0,30.392832529290143,49359.0,14.840252031037906
2023,comuna,10,Servicio de Salud Metropolitano Occidente,13502,Alhué,724.0,8.0,55.0,83.0,81.0,54.0,46.0,30.0,25.0,20.0,10.0,312.0,comuna,comuna,Mujer,191.0,4.18848167539267,217.0,25.34562211981567,314.0,26.43312101910828,370.0,21.891891891891895,262.0,20.610687022900763,241.0,19.08713692946058,207.0,14.492753623188406,208.0,12.01923076923077,204.0,9.803921568627452,214.0,4.672897196261682,484.0,64.46280991735537,2912.0,24.862637362637365
2023,comuna,10,Servicio de Salud Metropolitano Occidente,13503,Curacaví,703.0,4.0,27.0,39.0,44.0,54.0,41.0,35.0,31.0,22.0,25.0,381.0,comuna,comuna,Mujer,45.0,8.88888888888889,56.0,48.214285714285715,64.0,60.9375,75.0,58.666666666666664,87.0,62.06896551724138,63.0,65.07936507936508,54.0,64.81481481481481,51.0,60.78431372549019,53.0,41.509433962264154,69.0,36.231884057971016,171.0,222.80701754385964,788.0,89.21319796954315
2023,comuna,10,Servicio de Salud Metropolitano Occidente,13504,Maria Pinto,1253.0,8.0,86.0,94.0,79.0,91.0,66.0,74.0,48.0,44.0,48.0,615.0,comuna,comuna,Mujer,491.0,1.6293279022403258,511.0,16.829745596868882,624.0,15.064102564102564,653.0,12.098009188361408,570.0,15.964912280701753,508.0,12.992125984251967,461.0,16.052060737527114,476.0,10.084033613445378,521.0,8.445297504798464,429.0,11.188811188811188,1092.0,56.31868131868132,6336.0,19.775883838383837
2023,comuna,10,Servicio de Salud Metropolitano Occidente,13505,San Pedro,485.0,4.0,30.0,30.0,39.0,44.0,47.0,23.0,24.0,14.0,12.0,218.0,comuna,comuna,Mujer,443.0,0.9029345372460496,552.0,5.434782608695652,601.0,4.9916805324459235,534.0,7.303370786516854,473.0,9.30232558139535,400.0,11.75,349.0,6.59025787965616,347.0,6.9164265129683,301.0,4.651162790697675,294.0,4.081632653061225,843.0,25.86002372479241,5137.0,9.441308156511582
2023,comuna,10,Servicio de Salud Metropolitano Occidente,13601,Talagante,4276.0,15.0,260.0,412.0,365.0,365.0,331.0,288.0,231.0,216.0,120.0,1673.0,comuna,comuna,Mujer,1887.0,0.7949125596184419,2041.0,12.738853503184714,2343.0,17.584293640631667,2535.0,14.398422090729785,2093.0,17.43908265647396,1884.0,17.569002123142248,1819.0,15.83287520615723,1898.0,12.170706006322444,2156.0,10.018552875695732,1827.0,6.568144499178982,4338.0,38.56615952051637,24821.0,17.227347810321906
2023,comuna,10,Servicio de Salud Metropolitano Occidente,13602,El Monte,2238.0,18.0,178.0,166.0,203.0,178.0,161.0,149.0,127.0,97.0,87.0,874.0,comuna,comuna,Mujer,1084.0,1.6605166051660518,1176.0,15.136054421768709,1234.0,13.452188006482983,1390.0,14.604316546762591,1229.0,14.483319772172498,1133.0,14.210061782877318,1055.0,14.123222748815165,1009.0,12.586719524281467,1071.0,9.056956115779645,940.0,9.25531914893617,2151.0,40.63226406322641,13472.0,16.61223277909739
2023,comuna,10,Servicio de Salud Metropolitano Occidente,13603,Isla de Maipo,2268.0,10.0,160.0,162.0,194.0,200.0,158.0,122.0,98.0,98.0,73.0,993.0,comuna,comuna,Mujer,1139.0,0.877963125548727,1168.0,13.698630136986301,1306.0,12.404287901990811,1386.0,13.997113997113997,1203.0,16.62510390689942,1093.0,14.45562671546203,1089.0,11.202938475665748,1069.0,9.167446211412535,1109.0,8.836789900811542,1009.0,7.234886025768088,2293.0,43.305713039686,13864.0,16.358915175995385
2023,comuna,10,Servicio de Salud Metropolitano Occidente,13604,Padre Hurtado,4553.0,90.0,336.0,404.0,434.0,377.0,344.0,278.0,227.0,205.0,117.0,1741.0,comuna,comuna,Mujer,1727.0,5.211349160393746,1968.0,17.073170731707318,2286.0,17.672790901137358,2357.0,18.41323716588884,2011.0,18.74689209348583,1829.0,18.808091853471844,1760.0,15.795454545454547,1717.0,13.220733838089691,1832.0,11.18995633187773,1443.0,8.108108108108109,3608.0,48.25388026607539,22538.0,20.201437572100453
2023,comuna,10,Servicio de Salud Metropolitano Occidente,13605,Peñaflor,6224.0,38.0,409.0,444.0,507.0,470.0,439.0,435.0,360.0,315.0,247.0,2560.0,comuna,comuna,Mujer,2692.0,1.411589895988113,2980.0,13.724832214765101,3259.0,13.623810984964713,3246.0,15.619223659889094,2713.0,17.323995576852194,2626.0,16.71744097486672,2815.0,15.452930728241562,2687.0,13.39784145887607,2758.0,11.421319796954315,2451.0,10.077519379844961,6165.0,41.52473641524737,34392.0,18.097231914398698
2023,comuna,11,Servicio de Salud Metropolitano Central,13101,Santiago,18484.0,77.0,919.0,1365.0,1577.0,1358.0,1283.0,1165.0,1141.0,1015.0,979.0,7605.0,comuna,comuna,Mujer,6266.0,1.2288541334184488,7301.0,12.587316805916998,11387.0,11.987354000175639,14113.0,11.174094806207043,12525.0,10.842315369261476,10619.0,12.082116960165742,8838.0,13.181715320208193,7776.0,14.67335390946502,7752.0,13.093395252837977,7567.0,12.937756045989163,21394.0,35.547349724221746,115538.0,15.998199726496908
2023,comuna,11,Servicio de Salud Metropolitano Central,13102,Cerrillos,3888.0,265.0,214.0,241.0,259.0,237.0,215.0,169.0,208.0,175.0,155.0,1750.0,comuna,comuna,Mujer,1496.0,17.713903743315505,1711.0,12.507305669199297,1802.0,13.374028856825749,1920.0,13.489583333333332,1651.0,14.354936402180495,1490.0,14.429530201342283,1573.0,10.743801652892563,1640.0,12.682926829268293,1823.0,9.599561162918267,1594.0,9.72396486825596,5025.0,34.82587064676617,21725.0,17.896432681242807
2023,comuna,11,Servicio de Salud Metropolitano Central,13106,Estación Central,6828.0,39.0,388.0,636.0,700.0,577.0,446.0,419.0,390.0,392.0,344.0,2497.0,comuna,comuna,Mujer,2556.0,1.5258215962441315,3481.0,11.146222349899453,5232.0,12.155963302752294,5473.0,12.790060295998536,4147.0,13.91367253436219,3141.0,14.199299586119071,2688.0,15.587797619047619,2721.0,14.332965821389196,2964.0,13.225371120107962,2591.0,13.27672713238132,7191.0,34.72396050618829,42185.0,16.18584805025483
2023,comuna,11,Servicio de Salud Metropolitano Central,13119,Maipú,29093.0,210.0,1978.0,2123.0,2232.0,2008.0,1798.0,1558.0,1651.0,1742.0,1572.0,12221.0,comuna,comuna,Mujer,9267.0,2.2661055357720947,10841.0,18.24554930356978,12128.0,17.50494722955145,12322.0,18.113942541795165,10069.0,19.942397457542953,9275.0,19.38544474393531,9110.0,17.102085620197585,10190.0,16.20215897939156,12568.0,13.860598345003183,12134.0,12.955332124608537,28694.0,42.590785530075976,136598.0,21.298262053617183
2023,comuna,12,Servicio de Salud Metropolitano Oriente,13113,La Reina,4399.0,9.0,212.0,194.0,210.0,182.0,194.0,215.0,256.0,211.0,181.0,2535.0,comuna,comuna,Mujer,1037.0,0.8678881388621021,1393.0,15.218951902368987,1582.0,12.262958280657395,1628.0,12.8992628992629,1450.0,12.551724137931034,1413.0,13.729653220099081,1558.0,13.7997432605905,1725.0,14.840579710144928,1794.0,11.761426978818283,1572.0,11.513994910941475,5803.0,43.68430122350509,20955.0,20.992603197327604
2023,comuna,12,Servicio de Salud Metropolitano Oriente,13114,Las Condes,9699.0,141.0,364.0,401.0,431.0,411.0,407.0,465.0,510.0,500.0,434.0,5635.0,comuna,comuna,Mujer,1601.0,8.806995627732666,2020.0,18.019801980198018,2377.0,16.870004206983594,2832.0,15.218926553672315,2827.0,14.538379908029714,2961.0,13.745356298547787,3353.0,13.868177751267522,3841.0,13.27779224160375,4285.0,11.668611435239207,4128.0,10.513565891472869,14715.0,38.29425756031261,44940.0,21.582109479305743
2023,comuna,12,Servicio de Salud Metropolitano Oriente,13115,Lo Barnechea,3401.0,31.0,174.0,202.0,233.0,216.0,226.0,244.0,210.0,179.0,100.0,1586.0,comuna,comuna,Mujer,1192.0,2.6006711409395975,1256.0,13.853503184713375,1681.0,12.016656751933374,1813.0,12.851627137341422,1819.0,11.874656404617923,2071.0,10.912602607436021,2229.0,10.94661283086586,2471.0,8.498583569405099,2524.0,7.091917591125198,2053.0,4.870920603994155,3682.0,43.074416078218356,22791.0,14.922557149752095
2023,comuna,12,Servicio de Salud Metropolitano Oriente,13118,Macul,12801.0,73.0,853.0,1015.0,1069.0,870.0,716.0,749.0,680.0,600.0,507.0,5669.0,comuna,comuna,Mujer,3132.0,2.3307790549169862,3826.0,22.29482488238369,5038.0,20.146883684001587,5219.0,20.48285112090439,4547.0,19.133494611831978,4325.0,16.55491329479769,4355.0,17.19862227324914,4207.0,16.163536962205846,4338.0,13.831258644536653,4033.0,12.571286883213489,12511.0,45.31212532970986,55531.0,23.051988979128772
2023,comuna,12,Servicio de Salud Metropolitano Oriente,13120,Ñuñoa,10419.0,16.0,615.0,735.0,757.0,673.0,569.0,457.0,409.0,436.0,483.0,5269.0,comuna,comuna,Mujer,1717.0,0.9318578916715201,2178.0,28.236914600550968,2772.0,26.515151515151516,3221.0,23.502018006830177,3037.0,22.160026341784654,2914.0,19.526424159231297,2728.0,16.752199413489734,2719.0,15.042294961382863,3121.0,13.969881448253766,3500.0,13.8,13689.0,38.49075900357952,41596.0,25.04808154630253
2023,comuna,12,Servicio de Salud Metropolitano Oriente,13122,Peñalolén,20790.0,550.0,1498.0,1621.0,1516.0,1270.0,1252.0,1228.0,1208.0,923.0,733.0,8991.0,comuna,comuna,Mujer,6687.0,8.2249140122626,7705.0,19.44192083062946,9237.0,17.548987766590884,9142.0,16.582804637934807,7352.0,17.274211099020675,7391.0,16.93952103910161,7738.0,15.869733781338846,7712.0,15.663900414937759,7318.0,12.612735720142116,5910.0,12.402707275803722,17030.0,52.79506752789196,93222.0,22.301602625989574
2023,comuna,12,Servicio de Salud Metropolitano Oriente,13123,Providencia,8751.0,57.0,287.0,459.0,535.0,475.0,434.0,411.0,401.0,367.0,411.0,4914.0,comuna,comuna,Mujer,1153.0,4.943625325238508,1874.0,15.314834578441836,2450.0,18.73469387755102,2981.0,17.9469976517947,2864.0,16.585195530726256,2813.0,15.428368290081762,2642.0,15.556396669190006,2594.0,15.45875096376253,2870.0,12.787456445993032,2995.0,13.722871452420701,11728.0,41.89972714870396,36964.0,23.674385888973053
2023,comuna,12,Servicio de Salud Metropolitano Oriente,13132,Vitacura,3296.0,0.0,102.0,105.0,137.0,157.0,196.0,239.0,307.0,263.0,183.0,1607.0,comuna,comuna,Mujer,299.0,0.0,339.0,30.08849557522124,436.0,24.08256880733945,563.0,24.33392539964476,699.0,22.46065808297568,911.0,21.514818880351264,1200.0,19.916666666666664,1418.0,21.65021156558533,1520.0,17.30263157894737,1359.0,13.46578366445916,3743.0,42.93347582153353,12487.0,26.39545126932009
2023,comuna,13,Servicio de Salud Metropolitano Sur,13105,El Bosque,19344.0,122.0,1865.0,1905.0,2035.0,1592.0,1421.0,1115.0,952.0,821.0,644.0,6872.0,comuna,comuna,Mujer,5822.0,2.095499828237719,6904.0,27.013325608342992,7658.0,24.875946722381823,7764.0,26.2107161257084,6682.0,23.825202035318764,6080.0,23.371710526315788,5499.0,20.27641389343517,5658.0,16.82573347472605,5842.0,14.0534063676823,5238.0,12.294768995799924,13574.0,50.62619714159422,76721.0,25.21343569557227
2023,comuna,13,Servicio de Salud Metropolitano Sur,13109,La Cisterna,7828.0,0.0,532.0,692.0,738.0,637.0,538.0,433.0,390.0,329.0,335.0,3204.0,comuna,comuna,Mujer,1965.0,0.0,2395.0,22.21294363256785,3003.0,23.043623043623043,3279.0,22.50686184812443,2753.0,23.138394478750453,2429.0,22.149032523672293,2211.0,19.5838986883763,2224.0,17.535971223021583,2288.0,14.37937062937063,2313.0,14.483354950281022,7396.0,43.320713899405085,32256.0,24.268353174603174
2023,comuna,13,Servicio de Salud Metropolitano Sur,13116,Lo Espejo,6940.0,4.0,597.0,747.0,775.0,544.0,441.0,317.0,342.0,349.0,317.0,2507.0,comuna,comuna,Mujer,2891.0,0.13836042891732964,3601.0,16.5787281310747,4362.0,17.125171939477305,4506.0,17.199289835774522,3500.0,15.542857142857141,3033.0,14.540059347181009,2699.0,11.745090774360873,2988.0,11.44578313253012,3381.0,10.322389825495415,3423.0,9.260882267017237,7704.0,32.54153686396677,42088.0,16.48926059684471
2023,comuna,13,Servicio de Salud Metropolitano Sur,13121,Pedro Aguirre Cerda,13499.0,518.0,1106.0,1258.0,1353.0,1043.0,926.0,683.0,602.0,630.0,551.0,4829.0,comuna,comuna,Mujer,2978.0,17.394224311618537,3755.0,29.45406125166445,4614.0,27.264846120502817,4876.0,27.748154224774407,4031.0,25.87447283552468,3817.0,24.259889965941838,3305.0,20.665658093797276,3478.0,17.30879815986199,3995.0,15.76971214017522,4165.0,13.229291716686674,10121.0,47.712676612982904,49135.0,27.473287880329707
2023,comuna,13,Servicio de Salud Metropolitano Sur,13129,San Joaquín,9802.0,123.0,738.0,802.0,933.0,692.0,645.0,510.0,467.0,492.0,334.0,4066.0,comuna,comuna,Mujer,2383.0,5.161561057490558,2989.0,24.690531950485113,3831.0,20.93448185852258,4063.0,22.963327590450405,3429.0,20.180810731991837,3089.0,20.880543865328587,2928.0,17.418032786885245,3119.0,14.972747675537033,3332.0,14.765906362545017,3049.0,10.954411282387667,8857.0,45.9071920514847,41069.0,23.867150405415277
2023,comuna,13,Servicio de Salud Metropolitano Sur,13130,San Miguel,10738.0,2.0,800.0,1002.0,1124.0,820.0,688.0,550.0,521.0,507.0,510.0,4214.0,comuna,comuna,Mujer,2197.0,0.09103322712790168,2920.0,27.397260273972602,4180.0,23.971291866028707,4723.0,23.798433199237774,3963.0,20.691395407519554,3343.0,20.58031708046665,2776.0,19.812680115273775,2773.0,18.78831590335377,3176.0,15.963476070528968,3203.0,15.922572588198564,9498.0,44.36723520741209,42752.0,25.116953592814372
2023,comuna,13,Servicio de Salud Metropolitano Sur,13401,San Bernardo,21618.0,44.0,2193.0,2417.0,2385.0,1926.0,1706.0,1257.0,1225.0,881.0,659.0,6925.0,comuna,comuna,Mujer,8673.0,0.5073215726968753,9628.0,22.77731616119651,10641.0,22.714030636218403,10792.0,22.099703484062267,9048.0,21.286472148541115,8523.0,20.016426141030152,8159.0,15.406299791641132,8508.0,14.398213446168311,8198.0,10.746523542327397,7439.0,8.858717569565803,17230.0,40.1915264074289,106839.0,20.234184146238732
2023,comuna,13,Servicio de Salud Metropolitano Sur,13402,Buin,9167.0,9.0,756.0,827.0,1041.0,900.0,789.0,581.0,459.0,371.0,236.0,3198.0,comuna,comuna,Mujer,3066.0,0.29354207436399216,3541.0,21.34990115786501,3696.0,22.375541125541126,4291.0,24.260079235609417,3667.0,24.543223343332425,3468.0,22.750865051903112,3028.0,19.18758256274769,2994.0,15.33066132264529,2964.0,12.516869095816464,2568.0,9.190031152647975,5895.0,54.24936386768447,39178.0,23.39833580070448
2023,comuna,13,Servicio de Salud Metropolitano Sur,13403,Calera de Tango,1999.0,15.0,150.0,202.0,183.0,151.0,139.0,158.0,132.0,103.0,83.0,683.0,comuna,comuna,Mujer,624.0,2.403846153846154,651.0,23.04147465437788,761.0,26.544021024967147,801.0,22.846441947565545,654.0,23.08868501529052,651.0,21.351766513056837,625.0,25.28,661.0,19.969742813918305,658.0,15.653495440729484,611.0,13.584288052373159,1295.0,52.74131274131274,7992.0,25.012512512512515
2023,comuna,13,Servicio de Salud Metropolitano Sur,13404,Paine,6395.0,5.0,591.0,728.0,720.0,619.0,556.0,408.0,348.0,327.0,210.0,1883.0,comuna,comuna,Mujer,2301.0,0.21729682746631898,2528.0,23.378164556962027,2851.0,25.534900035075413,2920.0,24.65753424657534,2498.0,24.77982385908727,2392.0,23.244147157190636,2181.0,18.707015130674005,2203.0,15.796640944167045,2237.0,14.617791685292802,1810.0,11.602209944751381,4293.0,43.862101094805496,28214.0,22.666052314453815
2023,comuna,14,Servicio de Salud Metropolitano Sur Oriente,13110,La Florida,26167.0,164.0,2096.0,2316.0,2264.0,1830.0,1459.0,1149.0,961.0,850.0,926.0,12152.0,comuna,comuna,Mujer,9632.0,1.7026578073089702,11845.0,17.695230054875474,14207.0,16.30182304497783,14491.0,15.623490442343524,12517.0,14.620116641367739,11272.0,12.943577004968063,10831.0,10.608438740651833,10682.0,8.996442613742744,11590.0,7.333908541846419,12034.0,7.694864550440419,33949.0,35.79486877374886,153050.0,17.09702711532179
2023,comuna,14,Servicio de Salud Metropolitano Sur Oriente,13111,La Granja,9908.0,45.0,964.0,1026.0,1030.0,835.0,709.0,530.0,396.0,367.0,383.0,3623.0,comuna,comuna,Mujer,4728.0,0.951776649746193,5422.0,17.779417189229065,5889.0,17.422312786551196,6147.0,16.756141207092888,5463.0,15.284642138019402,5060.0,14.011857707509881,4628.0,11.452031114952463,4283.0,9.245855708615457,4908.0,7.47758761206194,5073.0,7.549773309678691,11184.0,32.394492131616595,62785.0,15.780839372461575
2023,comuna,14,Servicio de Salud Metropolitano Sur Oriente,13112,La Pintana,11654.0,368.0,967.0,985.0,1032.0,847.0,802.0,666.0,548.0,451.0,434.0,4554.0,comuna,comuna,Mujer,5955.0,6.17968094038623,6343.0,15.245152136213147,6695.0,14.712471994025393,6725.0,15.345724907063197,5821.0,14.55076447345817,5434.0,14.758925285241077,5080.0,13.11023622047244,4776.0,11.474036850921273,4911.0,9.183465689268989,4606.0,9.422492401215806,10940.0,41.62705667276051,67286.0,17.320096305323542
2023,comuna,14,Servicio de Salud Metropolitano Sur Oriente,13131,San Ramón,7712.0,95.0,832.0,679.0,676.0,575.0,519.0,481.0,464.0,424.0,238.0,2729.0,comuna,comuna,Mujer,2475.0,3.8383838383838382,3007.0,27.668772863318924,3164.0,21.460176991150444,3064.0,22.06266318537859,2545.0,22.593320235756384,2490.0,20.843373493975903,2742.0,17.541940189642595,2859.0,16.229450856942986,2814.0,15.067519545131486,2087.0,11.403929084810734,7165.0,38.08792742498255,34412.0,22.41078693479019
2023,comuna,14,Servicio de Salud Metropolitano Sur Oriente,13201,Puente Alto,25273.0,257.0,2095.0,2029.0,2113.0,1735.0,1569.0,1331.0,1246.0,1190.0,1001.0,10707.0,comuna,comuna,Mujer,13998.0,1.8359765680811546,15959.0,13.127388934143744,17744.0,11.434851217312895,17649.0,11.972349708198765,14473.0,11.98783942513646,13504.0,11.61877962085308,13232.0,10.05894800483676,14687.0,8.483693061891469,16325.0,7.289433384379786,14530.0,6.8891947694425335,29793.0,35.93797200684725,181894.0,13.89435605352568
2023,comuna,14,Servicio de Salud Metropolitano Sur Oriente,13202,Pirque,1660.0,8.0,140.0,123.0,135.0,132.0,95.0,80.0,82.0,48.0,33.0,784.0,comuna,comuna,Mujer,753.0,1.0624169986719787,804.0,17.412935323383085,869.0,14.154200230149597,955.0,14.136125654450263,793.0,16.64564943253468,774.0,12.27390180878553,756.0,10.582010582010582,824.0,9.951456310679612,886.0,5.417607223476298,716.0,4.608938547486034,1764.0,44.44444444444444,9894.0,16.777845158682027
2023,comuna,14,Servicio de Salud Metropolitano Sur Oriente,13203,San José de Maipo,184.0,2.0,15.0,16.0,30.0,13.0,13.0,7.0,11.0,9.0,6.0,62.0,comuna,comuna,Mujer,81.0,2.4691358024691357,97.0,15.463917525773196,103.0,15.53398058252427,112.0,26.785714285714285,98.0,13.26530612244898,101.0,12.871287128712872,117.0,5.982905982905983,86.0,12.790697674418606,121.0,7.43801652892562,99.0,6.0606060606060606,200.0,31.0,1215.0,15.144032921810698
2024,comuna,9,Servicio de Salud Metropolitano Norte,13104,Conchalí,12793.0,17.0,857.0,971.0,948.0,819.0,692.0,659.0,543.0,492.0,627.0,6168.0,comuna,comuna,Mujer,3701.0,0.4593353147797892,4123.0,20.78583555663352,4980.0,19.497991967871485,5191.0,18.26237719129262,4492.0,18.232413178984864,4092.0,16.911045943304007,3764.0,17.50797024442083,3896.0,13.937371663244353,4204.0,11.70313986679353,3903.0,16.06456571867794,11444.0,53.89723872771758,53790.0,23.78323108384458
2024,comuna,9,Servicio de Salud Metropolitano Norte,13107,Huechuraba,8274.0,17.0,773.0,762.0,791.0,599.0,530.0,378.0,434.0,379.0,262.0,3349.0,comuna,comuna,Mujer,2573.0,0.6607073455110766,2834.0,27.27593507410021,3313.0,23.00030184123151,3244.0,24.38347718865598,2714.0,22.07074428887251,2429.0,21.819678880197614,2350.0,16.085106382978722,2766.0,15.69052783803326,2648.0,14.312688821752264,2195.0,11.93621867881549,6117.0,54.74905999673042,33183.0,24.934454389295723
2024,comuna,9,Servicio de Salud Metropolitano Norte,13108,Independencia,6354.0,32.0,330.0,513.0,559.0,554.0,496.0,393.0,378.0,311.0,247.0,2541.0,comuna,comuna,Mujer,2562.0,1.249024199843872,3037.0,10.865986170563055,4796.0,10.696413678065054,5624.0,9.939544807965861,4848.0,11.427392739273927,3946.0,12.569690826153066,3317.0,11.848055471811879,2950.0,12.8135593220339,2802.0,11.099214846538187,2681.0,9.212980231256994,7773.0,32.69008104978773,44336.0,14.331468783832552
2024,comuna,9,Servicio de Salud Metropolitano Norte,13125,Quilicura,14927.0,1.0,1492.0,1586.0,1654.0,1465.0,1187.0,1110.0,1002.0,834.0,668.0,3928.0,comuna,comuna,Mujer,5754.0,0.01737921445950643,6525.0,22.865900383141764,7541.0,21.031693409362155,8149.0,20.2969689532458,6918.0,21.176640647586005,6102.0,19.45263847918715,5770.0,19.23743500866551,6084.0,16.469428007889547,5636.0,14.797728885734562,5067.0,13.183343201105192,9380.0,41.87633262260128,72926.0,20.468694292844802
2024,comuna,9,Servicio de Salud Metropolitano Norte,13127,Recoleta,10899.0,77.0,713.0,813.0,866.0,796.0,730.0,653.0,623.0,473.0,375.0,4780.0,comuna,comuna,Mujer,4090.0,1.8826405867970661,4733.0,15.064441157828016,6014.0,13.518456933821085,6339.0,13.661460798233161,5610.0,14.188948306595364,4991.0,14.62632738930074,4573.0,14.279466433413516,4412.0,14.120580235720762,4222.0,11.203221222169587,4009.0,9.353953604390123,11774.0,40.597927637166634,60767.0,17.93572169104942
2024,comuna,9,Servicio de Salud Metropolitano Norte,13301,Colina,11457.0,109.0,1085.0,1284.0,1358.0,1273.0,1070.0,823.0,743.0,495.0,315.0,2902.0,comuna,comuna,Mujer,4335.0,2.51441753171857,4426.0,24.514234071396295,5041.0,25.471136679230312,5212.0,26.055257099002304,4668.0,27.27077977720651,4332.0,24.699907663896585,3866.0,21.288153129849974,3787.0,19.61975178241352,3344.0,14.802631578947366,2879.0,10.941299062174366,5812.0,49.93117687543015,47702.0,24.017860886336003
2024,comuna,9,Servicio de Salud Metropolitano Norte,13302,Lampa,7843.0,31.0,928.0,995.0,1039.0,868.0,626.0,463.0,359.0,274.0,167.0,2093.0,comuna,comuna,Mujer,3060.0,1.0130718954248366,3220.0,28.819875776397513,3643.0,27.31265440570958,4022.0,25.832918945798113,3272.0,26.5281173594132,3057.0,20.47759241086032,2599.0,17.814544055405925,2323.0,15.454154111063282,2187.0,12.528577960676726,1890.0,8.835978835978835,3822.0,54.761904761904766,33095.0,23.698443873696935
2024,comuna,9,Servicio de Salud Metropolitano Norte,13303,Tiltil,635.0,4.0,33.0,37.0,37.0,50.0,39.0,30.0,37.0,39.0,16.0,313.0,comuna,comuna,Mujer,493.0,0.8113590263691683,550.0,6.0,617.0,5.9967585089141,656.0,5.640243902439025,568.0,8.80281690140845,529.0,7.372400756143667,441.0,6.802721088435375,468.0,7.905982905982905,529.0,7.372400756143667,478.0,3.3472803347280333,1041.0,30.067243035542745,6370.0,9.968602825745682
2024,comuna,10,Servicio de Salud Metropolitano Occidente,13103,Cerro Navia,10357.0,145.0,930.0,1041.0,994.0,766.0,685.0,582.0,511.0,451.0,378.0,3874.0,comuna,comuna,Mujer,4047.0,3.5829009142574746,4704.0,19.77040816326531,5745.0,18.120104438642297,5738.0,17.323109097246427,4838.0,15.83298883836296,4315.0,15.874855156431057,4084.0,14.25073457394711,4490.0,11.380846325167038,4243.0,10.629271741692198,3682.0,10.26615969581749,9727.0,39.82728487714609,55613.0,18.623343462859403
2024,comuna,10,Servicio de Salud Metropolitano Occidente,13117,Lo Prado,13419.0,73.0,1033.0,1118.0,1237.0,1081.0,899.0,798.0,902.0,728.0,644.0,4906.0,comuna,comuna,Mujer,3922.0,1.8612952575216728,4679.0,22.07736695875187,5775.0,19.35930735930736,6040.0,20.480132450331126,4983.0,21.693758779851496,4669.0,19.25465838509317,4708.0,16.949872557349195,4919.0,18.337060378125635,4689.0,15.525698443164854,4159.0,15.484491464294301,12281.0,39.947886979887635,60824.0,22.062014994081284
2024,comuna,10,Servicio de Salud Metropolitano Occidente,13124,Pudahuel,21201.0,552.0,1578.0,1777.0,1896.0,1611.0,1470.0,1348.0,1332.0,1193.0,1087.0,7357.0,comuna,comuna,Mujer,6850.0,8.05839416058394,7551.0,20.897894318633295,9268.0,19.173500215796288,9572.0,19.80777267028834,8285.0,19.44477972238986,7460.0,19.70509383378016,6908.0,19.513607411696583,7237.0,18.405416609092164,7903.0,15.095533341768949,7263.0,14.96626738262426,15798.0,46.56918597290796,94095.0,22.531484138370793
2024,comuna,10,Servicio de Salud Metropolitano Occidente,13126,Quinta Normal,9756.0,166.0,819.0,763.0,773.0,603.0,477.0,422.0,375.0,333.0,273.0,4752.0,comuna,comuna,Mujer,2816.0,5.894886363636364,3488.0,23.480504587155963,4518.0,16.888003541389995,4814.0,16.057332779393434,4162.0,14.488226814031716,3609.0,13.216957605985039,3286.0,12.842361533779673,3134.0,11.96553924696873,3157.0,10.547988596769084,3100.0,8.806451612903226,8809.0,53.944829152003635,44893.0,21.731673089345776
2024,comuna,10,Servicio de Salud Metropolitano Occidente,13128,Renca,12648.0,879.0,999.0,1132.0,996.0,917.0,883.0,804.0,645.0,519.0,422.0,4452.0,comuna,comuna,Mujer,4685.0,18.762006403415153,5418.0,18.438538205980066,6147.0,18.415487229542865,6140.0,16.221498371335503,5359.0,17.111401380854637,5187.0,17.023327549643337,4915.0,16.358087487283825,4696.0,13.735093696763204,4308.0,12.047353760445683,4005.0,10.536828963795255,10536.0,42.25512528473804,61396.0,20.600690598736072
2024,comuna,10,Servicio de Salud Metropolitano Occidente,13501,Melipilla,9182.0,27.0,758.0,921.0,949.0,870.0,681.0,514.0,429.0,346.0,223.0,3464.0,comuna,comuna,Mujer,3826.0,0.705697856769472,4539.0,16.69971359330249,5077.0,18.140634232814655,5315.0,17.855126999059266,4610.0,18.872017353579178,4253.0,16.012226663531624,3757.0,13.681128560021294,3668.0,11.695747001090513,3860.0,8.963730569948186,3565.0,6.255259467040673,9238.0,37.49729378653388,51708.0,17.75740697764369
2024,comuna,10,Servicio de Salud Metropolitano Occidente,13502,Alhué,858.0,4.0,64.0,78.0,82.0,73.0,54.0,35.0,37.0,25.0,19.0,387.0,comuna,comuna,Mujer,230.0,1.7391304347826086,245.0,26.122448979591837,345.0,22.608695652173914,408.0,20.098039215686274,325.0,22.46153846153846,273.0,19.78021978021978,227.0,15.418502202643172,231.0,16.017316017316016,203.0,12.31527093596059,232.0,8.189655172413794,527.0,73.43453510436433,3246.0,26.432532347504623
2024,comuna,10,Servicio de Salud Metropolitano Occidente,13503,Curacaví,983.0,5.0,40.0,66.0,89.0,86.0,63.0,39.0,42.0,40.0,30.0,483.0,comuna,comuna,Mujer,82.0,6.097560975609756,96.0,41.66666666666667,119.0,55.46218487394958,137.0,64.96350364963503,127.0,67.71653543307087,114.0,55.26315789473685,98.0,39.795918367346935,85.0,49.411764705882355,91.0,43.956043956043956,108.0,27.77777777777778,298.0,162.08053691275168,1355.0,72.54612546125462
2024,comuna,10,Servicio de Salud Metropolitano Occidente,13504,Maria Pinto,984.0,8.0,57.0,74.0,56.0,75.0,57.0,42.0,51.0,48.0,45.0,471.0,comuna,comuna,Mujer,500.0,1.6,527.0,10.815939278937382,639.0,11.580594679186229,679.0,8.24742268041237,607.0,12.355848434925864,532.0,10.714285714285714,493.0,8.519269776876268,490.0,10.408163265306122,522.0,9.195402298850574,482.0,9.336099585062241,1186.0,39.713322091062395,6657.0,14.781433077963047
2024,comuna,10,Servicio de Salud Metropolitano Occidente,13505,San Pedro,731.0,6.0,57.0,81.0,80.0,68.0,53.0,52.0,45.0,28.0,26.0,235.0,comuna,comuna,Mujer,452.0,1.3274336283185841,641.0,8.892355694227769,698.0,11.60458452722063,567.0,14.109347442680775,555.0,12.252252252252251,438.0,12.100456621004566,361.0,14.40443213296399,377.0,11.936339522546419,344.0,8.13953488372093,311.0,8.360128617363344,902.0,26.053215077605323,5646.0,12.947219270279845
2024,comuna,10,Servicio de Salud Metropolitano Occidente,13601,Talagante,5171.0,9.0,365.0,415.0,520.0,496.0,425.0,313.0,256.0,214.0,173.0,1985.0,comuna,comuna,Mujer,1990.0,0.4522613065326633,2055.0,17.761557177615572,2404.0,17.26289517470882,2657.0,19.570944674444863,2312.0,21.453287197231834,2037.0,20.864015709376535,1850.0,16.91891891891892,1881.0,13.609782030834664,2225.0,9.617977528089888,1948.0,8.880903490759753,4619.0,42.97466984195714,25978.0,19.90530448841327
2024,comuna,10,Servicio de Salud Metropolitano Occidente,13602,El Monte,2778.0,15.0,200.0,237.0,228.0,227.0,189.0,158.0,175.0,118.0,88.0,1143.0,comuna,comuna,Mujer,1135.0,1.3215859030837005,1152.0,17.36111111111111,1252.0,18.929712460063897,1466.0,15.552523874488402,1313.0,17.28865194211729,1179.0,16.030534351145036,1064.0,14.849624060150376,993.0,17.623363544813696,1113.0,10.60197663971249,1007.0,8.738828202581926,2294.0,49.8256320836966,13968.0,19.888316151202748
2024,comuna,10,Servicio de Salud Metropolitano Occidente,13603,Isla de Maipo,2574.0,12.0,178.0,220.0,245.0,216.0,169.0,129.0,111.0,83.0,72.0,1139.0,comuna,comuna,Mujer,1162.0,1.0327022375215147,1226.0,14.518760195758565,1327.0,16.578749058025622,1432.0,17.108938547486034,1312.0,16.463414634146343,1164.0,14.518900343642613,1111.0,11.61116111611161,1088.0,10.20220588235294,1148.0,7.229965156794425,1050.0,6.857142857142858,2441.0,46.661204424416226,14461.0,17.799598921236427
2024,comuna,10,Servicio de Salud Metropolitano Occidente,13604,Padre Hurtado,4988.0,122.0,345.0,422.0,415.0,366.0,305.0,283.0,307.0,280.0,209.0,1934.0,comuna,comuna,Mujer,1893.0,6.4447966191230845,2029.0,17.003449975357317,2378.0,17.74600504625736,2657.0,15.619119307489651,2258.0,16.20903454384411,1984.0,15.37298387096774,1823.0,15.523861766319255,1801.0,17.046085508051082,1868.0,14.989293361884368,1587.0,13.169502205419029,3811.0,50.74783521385463,24089.0,20.706546556519573
2024,comuna,10,Servicio de Salud Metropolitano Occidente,13605,Peñaflor,7082.0,17.0,478.0,556.0,585.0,540.0,489.0,442.0,421.0,374.0,247.0,2933.0,comuna,comuna,Mujer,2861.0,0.5941978329255505,2976.0,16.061827956989248,3376.0,16.46919431279621,3467.0,16.873377559850013,2955.0,18.274111675126903,2738.0,17.859751643535425,2854.0,15.487035739313246,2743.0,15.348158950054685,2749.0,13.604947253546746,2597.0,9.510974201001156,6422.0,45.67113048894426,35738.0,19.81644188258996
2024,comuna,11,Servicio de Salud Metropolitano Central,13101,Santiago,23022.0,70.0,1416.0,1807.0,2129.0,1928.0,1730.0,1430.0,1310.0,1142.0,1160.0,8900.0,comuna,comuna,Mujer,7475.0,0.9364548494983277,8138.0,17.39985254362251,12305.0,14.685087362860628,15802.0,13.472978104037464,14376.0,13.411240957150808,11903.0,14.534151054356045,9749.0,14.668171094471226,8542.0,15.335986888316553,8277.0,13.797269542104626,8163.0,14.210461840009799,22445.0,39.65248384940967,127175.0,18.102614507568312
2024,comuna,11,Servicio de Salud Metropolitano Central,13102,Cerrillos,5473.0,480.0,321.0,365.0,346.0,336.0,299.0,249.0,277.0,282.0,204.0,2314.0,comuna,comuna,Mujer,1717.0,27.955736750145604,1841.0,17.43617599130907,2086.0,17.497603068072866,2146.0,16.123019571295433,1943.0,17.292846114256307,1736.0,17.223502304147466,1635.0,15.229357798165138,1827.0,15.161466885604815,1867.0,15.104445634708089,1735.0,11.75792507204611,5275.0,43.867298578199055,23808.0,22.98807123655914
2024,comuna,11,Servicio de Salud Metropolitano Central,13106,Estación Central,8389.0,102.0,620.0,877.0,985.0,793.0,640.0,496.0,449.0,382.0,352.0,2693.0,comuna,comuna,Mujer,2834.0,3.5991531404375445,3547.0,17.479560191711304,5335.0,16.438612933458295,6060.0,16.254125412541253,4627.0,17.138534687702613,3595.0,17.80250347705146,2874.0,17.258176757132915,2857.0,15.715785789289463,3024.0,12.632275132275133,2786.0,12.634601579325198,7386.0,36.460871919848366,44925.0,18.673344462993878
2024,comuna,11,Servicio de Salud Metropolitano Central,13119,Maipú,31028.0,147.0,2434.0,2339.0,2306.0,2143.0,1839.0,1559.0,1678.0,1598.0,1637.0,13348.0,comuna,comuna,Mujer,9694.0,1.5164018980812872,10966.0,22.195878168885645,12619.0,18.535541643553373,12973.0,17.77537963462576,11261.0,19.03028150253086,10023.0,18.347800059862315,9234.0,16.88325752653238,10383.0,16.161032456900703,12467.0,12.817839095211358,13021.0,12.571999078411796,30787.0,43.355961931984275,143428.0,21.633153916947876
2024,comuna,12,Servicio de Salud Metropolitano Oriente,13113,La Reina,5423.0,10.0,296.0,270.0,268.0,280.0,264.0,284.0,301.0,240.0,200.0,3010.0,comuna,comuna,Mujer,1028.0,0.9727626459143969,1419.0,20.859760394644116,1584.0,17.045454545454543,1722.0,15.563298490127758,1560.0,17.94871794871795,1477.0,17.87406905890318,1546.0,18.36998706338939,1740.0,17.29885057471264,1834.0,13.086150490730644,1715.0,11.661807580174926,5962.0,50.48641395504864,21587.0,25.12160096354287
2024,comuna,12,Servicio de Salud Metropolitano Oriente,13114,Las Condes,11184.0,216.0,441.0,495.0,533.0,519.0,510.0,556.0,535.0,512.0,502.0,6365.0,comuna,comuna,Mujer,1650.0,13.090909090909092,2026.0,21.767028627838105,2469.0,20.048602673147023,2997.0,17.78445111778445,3002.0,17.288474350433045,3053.0,16.70488044546348,3370.0,16.498516320474778,3876.0,13.802889576883384,4296.0,11.91806331471136,4305.0,11.660859465737515,15110.0,42.124420913302444,46154.0,24.23191922693591
2024,comuna,12,Servicio de Salud Metropolitano Oriente,13115,Lo Barnechea,4518.0,7.0,284.0,283.0,289.0,297.0,317.0,294.0,309.0,261.0,187.0,1990.0,comuna,comuna,Mujer,1257.0,0.5568814638027049,1300.0,21.846153846153847,1637.0,17.287721441661578,1864.0,15.504291845493562,1878.0,15.814696485623003,2098.0,15.109628217349858,2234.0,13.160250671441363,2501.0,12.355057976809276,2614.0,9.984697781178271,2182.0,8.570119156736938,3948.0,50.40526849037488,23513.0,19.214902394420108
2024,comuna,12,Servicio de Salud Metropolitano Oriente,13118,Macul,14808.0,35.0,1157.0,1206.0,1306.0,1049.0,910.0,815.0,682.0,751.0,749.0,6148.0,comuna,comuna,Mujer,3446.0,1.0156703424260012,4066.0,28.455484505656663,5463.0,22.075782537067546,5916.0,22.075726842461123,5131.0,20.44435782498538,4774.0,19.06158357771261,4546.0,17.92784865816102,4370.0,15.606407322654462,4527.0,16.589352772255356,4407.0,16.995688677104607,13382.0,45.94231056643252,60028.0,24.668488038915175
2024,comuna,12,Servicio de Salud Metropolitano Oriente,13120,Ñuñoa,12289.0,23.0,692.0,826.0,946.0,843.0,698.0,607.0,520.0,490.0,521.0,6123.0,comuna,comuna,Mujer,1866.0,1.232583065380493,2371.0,29.185997469422187,3150.0,26.222222222222225,3714.0,25.471190091545502,3535.0,23.84724186704385,3283.0,21.261041730124887,2991.0,20.294215981277162,2948.0,17.639077340569877,3270.0,14.984709480122325,3894.0,13.379558294812533,14774.0,41.44442940300528,45796.0,26.83422132937374
2024,comuna,12,Servicio de Salud Metropolitano Oriente,13122,Peñalolén,21418.0,337.0,1526.0,1620.0,1682.0,1441.0,1244.0,1238.0,1295.0,1065.0,813.0,9157.0,comuna,comuna,Mujer,6888.0,4.892566782810685,7693.0,19.836214740673338,9213.0,17.583848909150113,9521.0,17.66621153240206,7773.0,18.538530811784383,7388.0,16.838115863562532,7604.0,16.280904786954235,7920.0,16.351010101010104,7352.0,14.485854189336237,6216.0,13.079150579150578,17274.0,53.01030450387866,94842.0,22.582821956517154
2024,comuna,12,Servicio de Salud Metropolitano Oriente,13123,Providencia,9397.0,94.0,350.0,465.0,576.0,545.0,443.0,395.0,414.0,338.0,385.0,5392.0,comuna,comuna,Mujer,1211.0,7.762180016515277,1904.0,18.38235294117647,2609.0,17.822920659256418,3297.0,17.470427661510467,3151.0,17.296096477308794,3087.0,14.350502105604146,2805.0,14.08199643493761,2773.0,14.929679047962496,2889.0,11.699550017307027,3184.0,12.091708542713569,12047.0,44.75803104507346,38957.0,24.12146725877249
2024,comuna,12,Servicio de Salud Metropolitano Oriente,13132,Vitacura,3709.0,0.0,95.0,133.0,156.0,188.0,234.0,277.0,324.0,296.0,230.0,1776.0,comuna,comuna,Mujer,334.0,0.0,335.0,28.35820895522388,434.0,30.64516129032258,615.0,25.365853658536587,705.0,26.666666666666668,906.0,25.82781456953642,1205.0,22.987551867219917,1455.0,22.268041237113405,1542.0,19.1958495460441,1426.0,16.129032258064516,3838.0,46.27410109431996,12795.0,28.987885892926922
2024,comuna,13,Servicio de Salud Metropolitano Sur,13105,El Bosque,20369.0,109.0,1967.0,1999.0,2029.0,1695.0,1499.0,1093.0,1061.0,849.0,728.0,7340.0,comuna,comuna,Mujer,5987.0,1.8206113245364957,6956.0,28.277745830937317,7717.0,25.903848645846832,8068.0,25.14873574615766,6983.0,24.273234999283975,6351.0,23.60258227050858,5505.0,19.854677565849226,5671.0,18.709222359372244,5750.0,14.765217391304347,5436.0,13.392200147167035,13937.0,52.66556647772117,78361.0,25.993797935197353
2024,comuna,13,Servicio de Salud Metropolitano Sur,13109,La Cisterna,9686.0,0.0,696.0,837.0,875.0,836.0,702.0,521.0,514.0,417.0,360.0,3928.0,comuna,comuna,Mujer,2133.0,0.0,2491.0,27.940586109995984,3333.0,25.112511251125113,3584.0,24.4140625,3115.0,26.837881219903693,2759.0,25.444001449800652,2318.0,22.476272648835202,2362.0,21.76121930567316,2399.0,17.382242601083785,2426.0,14.83924154987634,7655.0,51.31286740692358,34575.0,28.014461315979755
2024,comuna,13,Servicio de Salud Metropolitano Sur,13116,Lo Espejo,7952.0,0.0,745.0,781.0,936.0,622.0,564.0,383.0,368.0,323.0,315.0,2915.0,comuna,comuna,Mujer,2941.0,0.0,3559.0,20.932846305141894,4336.0,18.011992619926197,4689.0,19.961612284069098,3736.0,16.64882226980728,3254.0,17.332513829133376,2617.0,14.635078333970194,3020.0,12.185430463576159,3273.0,9.86862205927284,3520.0,8.948863636363637,7936.0,36.731350806451616,42881.0,18.54434364870222
2024,comuna,13,Servicio de Salud Metropolitano Sur,13121,Pedro Aguirre Cerda,13794.0,558.0,1075.0,1184.0,1253.0,1006.0,872.0,630.0,648.0,569.0,707.0,5292.0,comuna,comuna,Mujer,3073.0,18.158151643345267,3744.0,28.712606837606835,4583.0,25.83460615317478,4991.0,25.105189340813467,4273.0,23.543178095015215,3969.0,21.97026958931721,3325.0,18.947368421052634,3442.0,18.826263800116212,3812.0,14.926547743966424,4259.0,16.600140878140408,10461.0,50.587897906509895,49932.0,27.62557077625571
2024,comuna,13,Servicio de Salud Metropolitano Sur,13129,San Joaquín,10969.0,92.0,803.0,967.0,952.0,891.0,706.0,528.0,499.0,444.0,387.0,4700.0,comuna,comuna,Mujer,2596.0,3.5439137134052388,3051.0,26.319239593575876,3882.0,24.909840288511077,4325.0,22.01156069364162,3700.0,24.08108108108108,3328.0,21.213942307692307,2969.0,17.78376557763557,3089.0,16.154095176432502,3359.0,13.218219708246501,3170.0,12.208201892744478,9162.0,51.298843047369566,42631.0,25.73010250756492
2024,comuna,13,Servicio de Salud Metropolitano Sur,13130,San Miguel,12151.0,0.0,825.0,988.0,1171.0,979.0,806.0,601.0,571.0,588.0,616.0,5006.0,comuna,comuna,Mujer,2518.0,0.0,3096.0,26.647286821705425,4641.0,21.288515406162464,5348.0,21.896035901271503,4572.0,21.412948381452317,3880.0,20.77319587628866,3096.0,19.412144702842376,3050.0,18.721311475409834,3318.0,17.72151898734177,3468.0,17.762399077277973,10079.0,49.667625756523464,47066.0,25.816937916967664
2024,comuna,13,Servicio de Salud Metropolitano Sur,13401,San Bernardo,22986.0,57.0,2377.0,2588.0,2538.0,2092.0,1791.0,1346.0,1159.0,873.0,736.0,7429.0,comuna,comuna,Mujer,8832.0,0.6453804347826086,9727.0,24.437133751413594,10941.0,23.6541449593273,11166.0,22.729715206878023,9743.0,21.471825926306064,8996.0,19.908848377056472,8088.0,16.641938674579624,8665.0,13.375649163300634,8338.0,10.470136723434877,7716.0,9.538621047174702,18000.0,41.27222222222222,110212.0,20.85616811236526
2024,comuna,13,Servicio de Salud Metropolitano Sur,13402,Buin,9636.0,7.0,694.0,811.0,983.0,946.0,789.0,592.0,507.0,435.0,285.0,3587.0,comuna,comuna,Mujer,3198.0,0.2188868042526579,3514.0,19.74957313602732,3850.0,21.064935064935064,4483.0,21.92728083872407,4041.0,23.410047018064837,3687.0,21.39951179820993,3127.0,18.93188359449952,3035.0,16.70510708401977,3041.0,14.304505097007564,2668.0,10.682158920539731,6292.0,57.00890019071837,40936.0,23.539183115106507
2024,comuna,13,Servicio de Salud Metropolitano Sur,13403,Calera de Tango,2083.0,3.0,144.0,180.0,221.0,171.0,202.0,161.0,159.0,124.0,133.0,585.0,comuna,comuna,Mujer,643.0,0.46656298600311047,641.0,22.46489859594384,794.0,22.670025188916874,804.0,27.487562189054728,688.0,24.8546511627907,671.0,30.104321907600596,660.0,24.393939393939394,649.0,24.499229583975346,677.0,18.31610044313146,622.0,21.382636655948552,1415.0,41.342756183745585,8264.0,25.20571151984511
2024,comuna,13,Servicio de Salud Metropolitano Sur,13404,Paine,7514.0,1.0,735.0,794.0,839.0,737.0,681.0,492.0,454.0,356.0,282.0,2143.0,comuna,comuna,Mujer,2413.0,0.04144218814753419,2686.0,27.36411020104244,2947.0,26.942653545978963,3151.0,26.62646778800381,2737.0,26.927292656192915,2546.0,26.747839748625296,2247.0,21.895861148197596,2262.0,20.07073386383731,2285.0,15.579868708971553,2000.0,14.099999999999998,4625.0,46.33513513513513,29899.0,25.131275293488077
2024,comuna,14,Servicio de Salud Metropolitano Sur Oriente,13110,La Florida,31342.0,181.0,2604.0,2786.0,2888.0,2339.0,1848.0,1418.0,1204.0,1066.0,1056.0,13952.0,comuna,comuna,Mujer,10158.0,1.7818468202402047,12200.0,21.34426229508197,14608.0,19.071741511500548,15541.0,18.583102760440127,13637.0,17.15186624624184,12203.0,15.143817094157175,11041.0,12.843039579748211,11118.0,10.829285842777479,11690.0,9.11890504704876,12427.0,8.497626136637965,35645.0,39.14153457707953,160268.0,19.555993710534857
2024,comuna,14,Servicio de Salud Metropolitano Sur Oriente,13111,La Granja,10792.0,67.0,1026.0,1048.0,1047.0,848.0,706.0,500.0,444.0,342.0,365.0,4399.0,comuna,comuna,Mujer,4631.0,1.4467717555603543,5275.0,19.450236966824644,5747.0,18.23560118322603,6293.0,16.637533767678374,5462.0,15.525448553643354,5124.0,13.778298204527712,4509.0,11.088933244621868,4277.0,10.381108253448678,4560.0,7.5,5077.0,7.189285010833169,11387.0,38.63177307455871,62342.0,17.31096211221969
2024,comuna,14,Servicio de Salud Metropolitano Sur Oriente,13112,La Pintana,13099.0,547.0,1229.0,1200.0,1179.0,885.0,795.0,602.0,545.0,411.0,351.0,5355.0,comuna,comuna,Mujer,6090.0,8.981937602627257,6325.0,19.43083003952569,6789.0,17.675651789659742,6913.0,17.054824244177635,5941.0,14.896482073724963,5661.0,14.043455219925807,4953.0,12.154249949525541,4903.0,11.115643483581481,4750.0,8.65263157894737,4708.0,7.455395072217502,11341.0,47.218058372277575,68374.0,19.157867025477522
2024,comuna,14,Servicio de Salud Metropolitano Sur Oriente,13131,San Ramón,9057.0,124.0,884.0,859.0,811.0,666.0,544.0,550.0,561.0,462.0,325.0,3271.0,comuna,comuna,Mujer,2552.0,4.858934169278997,3130.0,28.242811501597444,3244.0,26.479654747225645,3371.0,24.058142984277662,2815.0,23.658969804618117,2624.0,20.73170731707317,2642.0,20.81756245268736,2997.0,18.71871871871872,2890.0,15.986159169550174,2235.0,14.541387024608502,7226.0,45.26709106006089,35726.0,25.35128477859262
2024,comuna,14,Servicio de Salud Metropolitano Sur Oriente,13201,Puente Alto,24795.0,241.0,2038.0,2046.0,1999.0,1854.0,1540.0,1251.0,1213.0,1134.0,969.0,10510.0,comuna,comuna,Mujer,14587.0,1.652156029341194,16226.0,12.560088746456305,18102.0,11.3026184951939,18777.0,10.646003088885339,15692.0,11.814937547795054,14403.0,10.6922168992571,13347.0,9.372892784895482,14724.0,8.23825047541429,16411.0,6.909999390652612,15469.0,6.264141185597001,32059.0,32.78330577996819,189797.0,13.06395780755228
2024,comuna,14,Servicio de Salud Metropolitano Sur Oriente,13202,Pirque,2031.0,5.0,171.0,184.0,175.0,165.0,139.0,109.0,98.0,61.0,42.0,882.0,comuna,comuna,Mujer,824.0,0.6067961165048543,832.0,20.552884615384613,910.0,20.21978021978022,1014.0,17.258382642998026,899.0,18.35372636262514,831.0,16.726835138387486,768.0,14.192708333333334,847.0,11.570247933884298,916.0,6.6593886462882095,843.0,4.98220640569395,1867.0,47.241564006427424,10551.0,19.24936025021325
2024,comuna,14,Servicio de Salud Metropolitano Sur Oriente,13203,San José de Maipo,193.0,5.0,11.0,12.0,22.0,16.0,15.0,17.0,6.0,11.0,4.0,74.0,comuna,comuna,Mujer,94.0,5.319148936170213,85.0,12.941176470588237,101.0,11.881188118811881,109.0,20.18348623853211,112.0,14.285714285714285,102.0,14.705882352941178,112.0,15.178571428571427,97.0,6.185567010309279,110.0,10.0,109.0,3.669724770642202,203.0,36.45320197044335,1234.0,15.640194489465154
2025,comuna,9,Servicio de Salud Metropolitano Norte,13104,Conchalí,16737.0,13.0,925.0,1001.0,1123.0,974.0,926.0,940.0,1091.0,1315.0,1519.0,6910.0,comuna,comuna,Mujer,4024.0,0.3230616302186879,4183.0,22.11331580205594,5066.0,19.759178839320963,5490.0,20.45537340619308,5014.0,19.42560829676905,4227.0,21.906789685356046,3897.0,24.12111880934052,4009.0,27.213769019705662,4207.0,31.257428096030427,4136.0,36.72630560928433,11772.0,58.69860686374447,56025.0,29.87416331994645
2025,comuna,9,Servicio de Salud Metropolitano Norte,13107,Huechuraba,9758.0,245.0,677.0,709.0,714.0,652.0,573.0,552.0,678.0,702.0,701.0,3555.0,comuna,comuna,Mujer,2685.0,9.124767225325884,2856.0,23.704481792717086,3305.0,21.45234493192133,3415.0,20.90775988286969,2892.0,22.544951590594746,2542.0,22.54130605822187,2363.0,23.360135421074904,2761.0,24.556320173850054,2744.0,25.583090379008745,2334.0,30.03427592116538,6347.0,56.010713723018746,34244.0,28.495502861815208
2025,comuna,9,Servicio de Salud Metropolitano Norte,13108,Independencia,9107.0,28.0,488.0,614.0,729.0,780.0,680.0,638.0,615.0,603.0,624.0,3308.0,comuna,comuna,Mujer,2963.0,0.9449881876476545,3163.0,15.428390768257982,4914.0,12.494912494912496,6007.0,12.135841518228734,5412.0,14.412416851441243,4365.0,15.578465063001145,3579.0,17.826208438111205,3158.0,19.4743508549715,2930.0,20.580204778156997,2796.0,22.317596566523605,8115.0,40.76401725200247,47402.0,19.212269524492637
2025,comuna,9,Servicio de Salud Metropolitano Norte,13125,Quilicura,18428.0,7.0,1161.0,1309.0,1462.0,1537.0,1428.0,1430.0,1742.0,1743.0,1995.0,4614.0,comuna,comuna,Mujer,6189.0,0.11310389400549363,6568.0,17.676613885505482,7706.0,16.986763560861668,8617.0,16.96646164558431,7658.0,20.070514494646122,6474.0,22.057460611677477,5941.0,24.070021881838073,6339.0,27.480675185360464,5865.0,29.718670076726344,5388.0,37.02672605790646,10246.0,45.03220769080617,76991.0,23.935265160862958
2025,comuna,9,Servicio de Salud Metropolitano Norte,13127,Recoleta,15070.0,151.0,789.0,966.0,999.0,1070.0,925.0,1104.0,1059.0,1130.0,1297.0,5580.0,comuna,comuna,Mujer,4567.0,3.3063280052550907,4763.0,16.565190006298554,6168.0,15.66147859922179,6686.0,14.941669159437632,6087.0,17.578445868243797,5297.0,17.462714744194827,4811.0,22.94741218041987,4639.0,22.828195731838758,4228.0,26.726584673604542,4248.0,30.53201506591337,12256.0,45.52872062663185,63750.0,23.639215686274508
2025,comuna,9,Servicio de Salud Metropolitano Norte,13301,Colina,12348.0,89.0,922.0,1145.0,1277.0,1203.0,1091.0,974.0,967.0,848.0,757.0,3075.0,comuna,comuna,Mujer,4577.0,1.9445051343674895,4424.0,20.840867992766725,5155.0,22.21144519883608,5428.0,23.526160648489313,5095.0,23.61138370951914,4449.0,24.522364576309283,3948.0,24.670719351570416,4011.0,24.108701072051858,3423.0,24.773590417762197,3050.0,24.81967213114754,6219.0,49.445248432223835,49779.0,24.805640932923524
2025,comuna,9,Servicio de Salud Metropolitano Norte,13302,Lampa,9640.0,66.0,872.0,871.0,1032.0,933.0,768.0,773.0,712.0,613.0,562.0,2440.0,comuna,comuna,Mujer,3302.0,1.9987886129618413,3327.0,26.20979861737301,3780.0,23.04232804232804,4235.0,24.36835891381346,3678.0,25.36704730831974,3203.0,23.97752107399313,2714.0,28.48194546794399,2495.0,28.537074148296593,2274.0,26.95690413368514,1984.0,28.326612903225808,4133.0,59.03701911444471,35125.0,27.444839857651242
2025,comuna,9,Servicio de Salud Metropolitano Norte,13303,Tiltil,800.0,7.0,31.0,42.0,53.0,67.0,45.0,50.0,46.0,48.0,63.0,348.0,comuna,comuna,Mujer,557.0,1.2567324955116697,580.0,5.344827586206897,687.0,6.11353711790393,731.0,7.250341997264022,678.0,9.882005899705016,599.0,7.512520868113523,452.0,11.061946902654867,515.0,8.932038834951456,534.0,8.98876404494382,503.0,12.524850894632205,1131.0,30.76923076923077,6967.0,11.482704176833645
2025,comuna,10,Servicio de Salud Metropolitano Occidente,13103,Cerro Navia,14147.0,150.0,974.0,1076.0,1142.0,988.0,885.0,843.0,1103.0,1042.0,1232.0,4712.0,comuna,comuna,Mujer,4188.0,3.5816618911174785,4559.0,21.364334283834175,5644.0,19.064493267186393,6006.0,19.014319014319014,5013.0,19.708757231198884,4418.0,20.03168854685378,3992.0,21.117234468937877,4542.0,24.284456186701895,4216.0,24.71537001897533,3851.0,31.99169047000779,9964.0,47.29024488157367,56393.0,25.086446899437874
2025,comuna,10,Servicio de Salud Metropolitano Occidente,13117,Lo Prado,16215.0,56.0,855.0,1030.0,1180.0,1035.0,1071.0,1136.0,1373.0,1393.0,1547.0,5539.0,comuna,comuna,Mujer,4066.0,1.3772749631087065,4626.0,18.482490272373543,5653.0,18.22041393950115,6201.0,19.029188840509594,5371.0,19.270154533606405,4741.0,22.590170850031637,4639.0,24.488036214701445,4959.0,27.687033676144384,4717.0,29.5314818740725,4372.0,35.384263494967975,12498.0,44.31909105456873,61843.0,26.219620652296943
2025,comuna,10,Servicio de Salud Metropolitano Occidente,13124,Pudahuel,30054.0,884.0,1844.0,2117.0,2221.0,2229.0,2092.0,1993.0,2408.0,2477.0,2880.0,8909.0,comuna,comuna,Mujer,7037.0,12.562171379849369,7588.0,24.30152872957301,9105.0,23.250961010433826,9704.0,22.887469084913437,8775.0,25.4017094017094,7703.0,27.158250032454887,6924.0,28.78393991912189,7392.0,32.57575757575758,7672.0,32.28623566214807,7521.0,38.29278021539689,16604.0,53.65574560346904,96025.0,31.29809945326738
2025,comuna,10,Servicio de Salud Metropolitano Occidente,13126,Quinta Normal,11868.0,280.0,877.0,780.0,925.0,714.0,668.0,611.0,720.0,718.0,858.0,4717.0,comuna,comuna,Mujer,3024.0,9.25925925925926,3498.0,25.07146941109205,4532.0,17.210944395410415,5083.0,18.197914617351955,4525.0,15.779005524861878,3791.0,17.620680559219203,3364.0,18.162901307966706,3259.0,22.09266646210494,3121.0,23.005446972124318,3246.0,26.432532347504623,9061.0,52.058271713938865,46504.0,25.520385343196285
2025,comuna,10,Servicio de Salud Metropolitano Occidente,13128,Renca,17424.0,1270.0,984.0,976.0,1102.0,1068.0,1085.0,1238.0,1465.0,1368.0,1658.0,5210.0,comuna,comuna,Mujer,4960.0,25.60483870967742,5419.0,18.15833179553423,6032.0,16.180371352785148,6328.0,17.414664981036662,5668.0,18.842625264643615,5292.0,20.502645502645503,4953.0,24.99495255400767,4929.0,29.722053154798132,4315.0,31.703360370799537,4084.0,40.59745347698335,11034.0,47.21769077397136,63014.0,27.65099819087822
2025,comuna,10,Servicio de Salud Metropolitano Occidente,13501,Melipilla,12313.0,57.0,950.0,1134.0,1088.0,1048.0,959.0,810.0,791.0,778.0,770.0,3928.0,comuna,comuna,Mujer,4190.0,1.360381861575179,4676.0,20.316509837467922,5429.0,20.88782464542273,5594.0,19.449410082230962,5087.0,20.601533320228032,4511.0,21.259144313899355,3924.0,20.642201834862387,3827.0,20.66893127776326,3933.0,19.7813374014747,3710.0,20.754716981132077,9799.0,40.08572303296255,54680.0,22.518288222384783
2025,comuna,10,Servicio de Salud Metropolitano Occidente,13502,Alhué,1135.0,0.0,65.0,88.0,90.0,84.0,65.0,80.0,75.0,60.0,68.0,460.0,comuna,comuna,Mujer,260.0,0.0,275.0,23.636363636363637,393.0,22.391857506361323,441.0,20.408163265306122,378.0,22.22222222222222,301.0,21.59468438538206,258.0,31.007751937984494,247.0,30.364372469635626,215.0,27.906976744186046,234.0,29.059829059829063,580.0,79.3103448275862,3582.0,31.686208821887213
2025,comuna,10,Servicio de Salud Metropolitano Occidente,13503,Curacaví,944.0,4.0,57.0,81.0,71.0,77.0,57.0,50.0,46.0,47.0,53.0,401.0,comuna,comuna,Mujer,82.0,4.878048780487805,93.0,61.29032258064516,127.0,63.77952755905512,154.0,46.103896103896105,144.0,53.47222222222222,119.0,47.89915966386555,115.0,43.47826086956522,88.0,52.27272727272727,100.0,47.0,120.0,44.166666666666664,320.0,125.3125,1462.0,64.56908344733242
2025,comuna,10,Servicio de Salud Metropolitano Occidente,13504,Maria Pinto,1782.0,3.0,97.0,79.0,103.0,91.0,125.0,111.0,160.0,160.0,220.0,633.0,comuna,comuna,Mujer,535.0,0.5607476635514018,545.0,17.79816513761468,626.0,12.619808306709265,697.0,14.777618364418938,657.0,13.850837138508371,563.0,22.202486678507995,506.0,21.936758893280633,517.0,30.947775628626694,514.0,31.1284046692607,522.0,42.1455938697318,1278.0,49.53051643192488,6960.0,25.603448275862068
2025,comuna,10,Servicio de Salud Metropolitano Occidente,13505,San Pedro,1279.0,2.0,85.0,101.0,121.0,131.0,84.0,77.0,95.0,95.0,77.0,411.0,comuna,comuna,Mujer,506.0,0.3952569169960474,663.0,12.82051282051282,770.0,13.116883116883116,639.0,18.9358372456964,634.0,20.66246056782334,453.0,18.543046357615893,399.0,19.298245614035086,404.0,23.51485148514851,355.0,26.76056338028169,327.0,23.547400611620795,951.0,43.217665615141954,6101.0,20.96377643009343
2025,comuna,10,Servicio de Salud Metropolitano Occidente,13601,Talagante,6960.0,9.0,408.0,489.0,566.0,515.0,467.0,639.0,449.0,463.0,494.0,2461.0,comuna,comuna,Mujer,2078.0,0.43310875842155916,2075.0,19.66265060240964,2347.0,20.83510864933958,2716.0,20.839469808541974,2449.0,21.028991425071457,2164.0,21.580406654343808,1886.0,33.88123011664899,1908.0,23.532494758909852,2171.0,21.326577614002765,2066.0,23.910939012584706,4876.0,50.47169811320755,26736.0,26.032315978456015
2025,comuna,10,Servicio de Salud Metropolitano Occidente,13602,El Monte,3391.0,17.0,170.0,179.0,192.0,243.0,218.0,205.0,250.0,288.0,309.0,1320.0,comuna,comuna,Mujer,1232.0,1.37987012987013,1151.0,14.76976542137272,1274.0,14.050235478806908,1468.0,13.079019073569482,1414.0,17.185289957567186,1211.0,18.001651527663086,1104.0,18.568840579710145,1049.0,23.83222116301239,1127.0,25.554569653948533,1042.0,29.654510556621883,2478.0,53.26876513317191,14550.0,23.305841924398628
2025,comuna,10,Servicio de Salud Metropolitano Occidente,13603,Isla de Maipo,3523.0,0.0,255.0,242.0,291.0,301.0,279.0,248.0,236.0,252.0,195.0,1224.0,comuna,comuna,Mujer,1257.0,0.0,1261.0,20.22204599524187,1393.0,17.372577171572146,1474.0,19.742198100407055,1413.0,21.302193913658883,1242.0,22.463768115942027,1141.0,21.735319894829097,1111.0,21.242124212421242,1169.0,21.55688622754491,1100.0,17.727272727272727,2587.0,47.313490529570934,15148.0,23.2571956693953
2025,comuna,10,Servicio de Salud Metropolitano Occidente,13604,Padre Hurtado,8716.0,371.0,567.0,650.0,855.0,916.0,726.0,642.0,652.0,605.0,558.0,2174.0,comuna,comuna,Mujer,2077.0,17.862301396244582,2056.0,27.577821011673155,2500.0,26.0,2854.0,29.957953749124037,2630.0,34.82889733840304,2128.0,34.116541353383454,1892.0,33.9323467230444,1873.0,34.81046449546182,1927.0,31.395952257394917,1715.0,32.53644314868805,4058.0,53.573188762937406,25710.0,33.901205756514976
2025,comuna,10,Servicio de Salud Metropolitano Occidente,13605,Peñaflor,9873.0,6.0,535.0,581.0,663.0,752.0,654.0,728.0,857.0,803.0,928.0,3366.0,comuna,comuna,Mujer,2994.0,0.2004008016032064,3005.0,17.803660565723796,3332.0,17.436974789915965,3488.0,19.00802752293578,3229.0,23.288943945493962,2786.0,23.47451543431443,2813.0,25.87984358336296,2859.0,29.975515914655475,2755.0,29.147005444646094,2702.0,34.34492968171725,6685.0,50.35153328347045,36648.0,26.94007858546169
2025,comuna,11,Servicio de Salud Metropolitano Central,13101,Santiago,30640.0,1568.0,1557.0,2153.0,2741.0,2573.0,2236.0,1915.0,1927.0,1853.0,2055.0,10062.0,comuna,comuna,Mujer,8570.0,18.296382730455075,8782.0,17.729446595308584,12738.0,16.902182446223897,16969.0,16.152984854735106,15970.0,16.111458985597995,12971.0,17.238455015033534,10640.0,17.99812030075188,9297.0,20.727116274066905,8660.0,21.397228637413395,8646.0,23.76821651630812,23584.0,42.66451831750339,136827.0,22.39324110007528
2025,comuna,11,Servicio de Salud Metropolitano Central,13102,Cerrillos,8276.0,216.0,345.0,396.0,486.0,497.0,461.0,530.0,641.0,844.0,1093.0,2767.0,comuna,comuna,Mujer,1863.0,11.594202898550725,1908.0,18.081761006289305,2288.0,17.307692307692307,2393.0,20.309235269536146,2246.0,22.12822796081923,1941.0,23.750643997939207,1756.0,30.182232346241456,1939.0,33.058277462609595,1872.0,45.085470085470085,1871.0,58.4179583110636,5627.0,49.17362715478941,25704.0,32.197323373793964
2025,comuna,11,Servicio de Salud Metropolitano Central,13106,Estación Central,12091.0,327.0,807.0,1065.0,1148.0,971.0,840.0,727.0,827.0,787.0,914.0,3678.0,comuna,comuna,Mujer,3306.0,9.891107078039928,3850.0,20.961038961038962,5730.0,18.586387434554975,6647.0,17.270949300436286,5387.0,18.024874698347876,4081.0,20.58319039451115,3126.0,23.256557901471528,3103.0,26.651627457299387,3137.0,25.087663372649025,3038.0,30.08558262014483,7753.0,47.43970076099575,49158.0,24.59620000813703
2025,comuna,11,Servicio de Salud Metropolitano Central,13119,Maipú,42288.0,70.0,2322.0,2529.0,2774.0,2800.0,2518.0,2525.0,3150.0,3531.0,4582.0,15487.0,comuna,comuna,Mujer,10452.0,0.6697282816685802,11309.0,20.53231939163498,13257.0,19.07671418873048,13829.0,20.05929568298503,12597.0,22.227514487576407,10836.0,23.237356958287194,9525.0,26.509186351706038,10858.0,29.01086756308712,12456.0,28.347784200385355,13874.0,33.02580366152515,33489.0,46.245035683358715,152482.0,27.733109481774896
2025,comuna,12,Servicio de Salud Metropolitano Oriente,13113,La Reina,6496.0,17.0,269.0,264.0,270.0,321.0,284.0,365.0,489.0,546.0,636.0,3035.0,comuna,comuna,Mujer,1074.0,1.5828677839851024,1440.0,18.680555555555557,1545.0,17.0873786407767,1807.0,14.941892639734366,1667.0,19.25614877024595,1542.0,18.417639429312583,1600.0,22.8125,1769.0,27.64273600904466,1825.0,29.91780821917808,1789.0,35.550586920067076,6161.0,49.26148352540172,22219.0,29.23623925469193
2025,comuna,12,Servicio de Salud Metropolitano Oriente,13114,Las Condes,14046.0,208.0,439.0,469.0,549.0,602.0,608.0,745.0,973.0,1167.0,1430.0,6856.0,comuna,comuna,Mujer,1713.0,12.142440163455925,2061.0,21.300339640950995,2586.0,18.136117556071152,3053.0,17.982312479528336,3236.0,18.603213844252164,3073.0,19.78522616335828,3448.0,21.60672853828306,4014.0,24.240159441953164,4192.0,27.838740458015266,4576.0,31.25,15753.0,43.52186885037771,47705.0,29.443454564511057
2025,comuna,12,Servicio de Salud Metropolitano Oriente,13115,Lo Barnechea,5490.0,18.0,239.0,244.0,275.0,322.0,318.0,421.0,468.0,536.0,474.0,2175.0,comuna,comuna,Mujer,1311.0,1.3729977116704806,1359.0,17.58646063281825,1555.0,15.691318327974276,1878.0,14.643237486687966,1938.0,16.615067079463365,2079.0,15.295815295815295,2246.0,18.744434550311663,2475.0,18.90909090909091,2666.0,20.10502625656414,2287.0,20.725841714035855,4222.0,51.515869256276645,24016.0,22.859760159893405
2025,comuna,12,Servicio de Salud Metropolitano Oriente,13118,Macul,16561.0,11.0,1012.0,1024.0,1147.0,1021.0,923.0,948.0,1079.0,1221.0,1426.0,6749.0,comuna,comuna,Mujer,3724.0,0.2953813104189044,4164.0,24.30355427473583,5383.0,19.022849712056473,6183.0,18.550865275756106,5445.0,18.751147842056934,4910.0,18.798370672097757,4631.0,20.470740660764413,4477.0,24.10096046459683,4427.0,27.580754461260447,4505.0,31.653718091009992,13581.0,49.694426036374345,61430.0,26.959140485105
2025,comuna,12,Servicio de Salud Metropolitano Oriente,13120,Ñuñoa,15274.0,1.0,666.0,786.0,899.0,879.0,815.0,749.0,790.0,909.0,1420.0,7360.0,comuna,comuna,Mujer,2114.0,0.04730368968779565,2522.0,26.407613005551152,3480.0,22.586206896551726,4291.0,20.950827312980657,4165.0,21.104441776710683,3687.0,22.104692161649037,3325.0,22.526315789473685,3264.0,24.20343137254902,3413.0,26.633460298857308,4162.0,34.118212397885635,15650.0,47.02875399361022,50073.0,30.50346494118587
2025,comuna,12,Servicio de Salud Metropolitano Oriente,13122,Peñalolén,26176.0,302.0,1465.0,1510.0,1704.0,1628.0,1515.0,1839.0,2220.0,2322.0,2288.0,9383.0,comuna,comuna,Mujer,7101.0,4.252922123644557,7617.0,19.233293947748457,8975.0,16.824512534818943,9647.0,17.663522338550845,8291.0,19.635749608008684,7424.0,20.40678879310345,7376.0,24.932212581344903,8038.0,27.618810649415277,7477.0,31.055236057242208,6442.0,35.51692021111456,17693.0,53.03227265020064,96081.0,27.243679811825437
2025,comuna,12,Servicio de Salud Metropolitano Oriente,13123,Providencia,10944.0,180.0,380.0,501.0,615.0,600.0,508.0,577.0,632.0,692.0,892.0,5367.0,comuna,comuna,Mujer,1296.0,13.88888888888889,1853.0,20.50728548300054,2737.0,18.304713189623676,3545.0,17.348377997179128,3556.0,16.87289088863892,3350.0,15.164179104477613,2914.0,19.8009608785175,2961.0,21.34414049307666,2953.0,23.433796139519135,3262.0,27.34518700183936,12398.0,43.28924020003227,40825.0,26.807103490508265
2025,comuna,12,Servicio de Salud Metropolitano Oriente,13132,Vitacura,5102.0,1.0,107.0,173.0,180.0,199.0,303.0,410.0,546.0,556.0,605.0,2022.0,comuna,comuna,Mujer,394.0,0.25380710659898476,328.0,32.6219512195122,472.0,36.652542372881356,656.0,27.439024390243905,697.0,28.55093256814921,927.0,32.68608414239482,1209.0,33.91232423490488,1517.0,35.992089650626234,1588.0,35.012594458438286,1490.0,40.604026845637584,3968.0,50.95766129032258,13246.0,38.51728823795863
2025,comuna,13,Servicio de Salud Metropolitano Sur,13105,El Bosque,6916.0,5.0,592.0,559.0,566.0,475.0,460.0,392.0,502.0,490.0,437.0,2438.0,comuna,comuna,Mujer,6128.0,0.08159268929503916,6856.0,8.634772462077013,7590.0,7.364953886693017,8093.0,6.993698257753614,7287.0,6.518457527103061,6555.0,7.017543859649122,5397.0,7.263294422827498,5720.0,8.776223776223777,5679.0,8.628279626694841,5555.0,7.866786678667867,14356.0,16.982446363889665,79216.0,8.73055948293274
2025,,13,Servicio de Salud Metropolitano Sur,13109,La Cisterna,0.0,0.0,0.0,0.0,0.0,0.0,0.0,0.0,0.0,0.0,0.0,0.0,comuna,comuna,Mujer,2322.0,0.0,2569.0,0.0,3413.0,0.0,3789.0,0.0,3477.0,0.0,2971.0,0.0,2422.0,0.0,2486.0,0.0,2460.0,0.0,2519.0,0.0,7955.0,0.0,36383.0,0.0
2025,,13,Servicio de Salud Metropolitano Sur,13116,Lo Espejo,0.0,0.0,0.0,0.0,0.0,0.0,0.0,0.0,0.0,0.0,0.0,0.0,comuna,comuna,Mujer,3012.0,0.0,3449.0,0.0,4279.0,0.0,4752.0,0.0,4002.0,0.0,3402.0,0.0,2620.0,0.0,3029.0,0.0,3178.0,0.0,3513.0,0.0,8246.0,0.0,43482.0,0.0
2025,,13,Servicio de Salud Metropolitano Sur,13121,Pedro Aguirre Cerda,0.0,0.0,0.0,0.0,0.0,0.0,0.0,0.0,0.0,0.0,0.0,0.0,comuna,comuna,Mujer,3222.0,0.0,3646.0,0.0,4580.0,0.0,5110.0,0.0,4506.0,0.0,4092.0,0.0,3322.0,0.0,3430.0,0.0,3681.0,0.0,4239.0,0.0,10810.0,0.0,50638.0,0.0
2025,,13,Servicio de Salud Metropolitano Sur,13129,San Joaquín,0.0,0.0,0.0,0.0,0.0,0.0,0.0,0.0,0.0,0.0,0.0,0.0,comuna,comuna,Mujer,2805.0,0.0,3147.0,0.0,4062.0,0.0,4572.0,0.0,4029.0,0.0,3565.0,0.0,3078.0,0.0,3143.0,0.0,3350.0,0.0,3315.0,0.0,9446.0,0.0,44512.0,0.0
2025,,13,Servicio de Salud Metropolitano Sur,13130,San Miguel,0.0,0.0,0.0,0.0,0.0,0.0,0.0,0.0,0.0,0.0,0.0,0.0,comuna,comuna,Mujer,2781.0,0.0,3280.0,0.0,4761.0,0.0,5855.0,0.0,5284.0,0.0,4210.0,0.0,3453.0,0.0,3168.0,0.0,3405.0,0.0,3703.0,0.0,10628.0,0.0,50528.0,0.0
2025,comuna,13,Servicio de Salud Metropolitano Sur,13401,San Bernardo,14411.0,40.0,1083.0,1169.0,1213.0,1201.0,1098.0,1075.0,1159.0,1128.0,1104.0,4141.0,comuna,comuna,Mujer,9225.0,0.43360433604336046,9604.0,11.276551436901292,10910.0,10.71494042163153,11479.0,10.567122571652583,10298.0,11.662458729850457,9328.0,11.771012006861064,7971.0,13.486388157069376,8853.0,13.091607364735117,8367.0,13.48153460021513,7924.0,13.932357395254922,18793.0,22.034800191560688,112752.0,12.781148006243793
2025,,13,Servicio de Salud Metropolitano Sur,13402,Buin,0.0,0.0,0.0,0.0,0.0,0.0,0.0,0.0,0.0,0.0,0.0,0.0,comuna,comuna,Mujer,3303.0,0.0,3512.0,0.0,3827.0,0.0,4573.0,0.0,4406.0,0.0,3920.0,0.0,3211.0,0.0,3130.0,0.0,3082.0,0.0,2827.0,0.0,6650.0,0.0,42441.0,0.0
2025,,13,Servicio de Salud Metropolitano Sur,13403,Calera de Tango,0.0,0.0,0.0,0.0,0.0,0.0,0.0,0.0,0.0,0.0,0.0,0.0,comuna,comuna,Mujer,648.0,0.0,672.0,0.0,761.0,0.0,836.0,0.0,763.0,0.0,700.0,0.0,675.0,0.0,670.0,0.0,678.0,0.0,654.0,0.0,1526.0,0.0,8583.0,0.0
2025,,13,Servicio de Salud Metropolitano Sur,13404,Paine,0.0,0.0,0.0,0.0,0.0,0.0,0.0,0.0,0.0,0.0,0.0,0.0,comuna,comuna,Mujer,2573.0,0.0,2710.0,0.0,2981.0,0.0,3201.0,0.0,2962.0,0.0,2695.0,0.0,2333.0,0.0,2288.0,0.0,2309.0,0.0,2119.0,0.0,4908.0,0.0,31079.0,0.0
2025,comuna,14,Servicio de Salud Metropolitano Sur Oriente,13110,La Florida,39692.0,123.0,2562.0,2953.0,3038.0,2672.0,2318.0,2094.0,2454.0,2509.0,3198.0,15771.0,comuna,comuna,Mujer,10737.0,1.145571388656049,12297.0,20.83434984142474,14769.0,19.994583248696593,16133.0,18.830967581974832,14542.0,18.374363911428965,12837.0,18.057178468489525,11176.0,18.736578382247675,11626.0,21.107861689317048,11540.0,21.741767764298093,12813.0,24.959025989229687,37287.0,42.296242658299136,165757.0,23.945896704211584
2025,comuna,14,Servicio de Salud Metropolitano Sur Oriente,13111,La Granja,11858.0,115.0,753.0,808.0,805.0,796.0,801.0,723.0,801.0,847.0,1250.0,4159.0,comuna,comuna,Mujer,4557.0,2.5235900811937677,5001.0,15.056988602279544,5601.0,14.425995357971791,6136.0,13.11929595827901,5602.0,14.209210996072832,5082.0,15.76151121605667,4377.0,16.518163125428377,4337.0,18.468987779571133,4287.0,19.757406111499883,5016.0,24.92025518341308,11643.0,35.72103409774113,61639.0,19.237820211229902
2025,comuna,14,Servicio de Salud Metropolitano Sur Oriente,13112,La Pintana,16917.0,603.0,1267.0,1146.0,1207.0,1082.0,1056.0,955.0,1140.0,1125.0,1276.0,6060.0,comuna,comuna,Mujer,6327.0,9.53058321479374,6361.0,19.918251847193837,6714.0,17.06881143878463,7071.0,17.069721397256398,6179.0,17.510924097750443,5861.0,18.017403173519877,4843.0,19.719182325005164,5056.0,22.547468354430382,4668.0,24.10025706940874,4704.0,27.125850340136054,11847.0,51.15219042795645,69631.0,24.295213338886416
2025,comuna,14,Servicio de Salud Metropolitano Sur Oriente,13131,San Ramón,12170.0,263.0,926.0,933.0,980.0,819.0,778.0,817.0,1019.0,1039.0,943.0,3653.0,comuna,comuna,Mujer,2659.0,9.890936442271531,3068.0,30.182529335071706,3369.0,27.693677649154054,3420.0,28.654970760233915,3001.0,27.29090303232256,2724.0,28.56093979441997,2618.0,31.207028265851793,2964.0,34.37921727395412,2964.0,35.05398110661269,2455.0,38.41140529531568,7425.0,49.1986531986532,36667.0,33.190607358114924
2025,comuna,14,Servicio de Salud Metropolitano Sur Oriente,13201,Puente Alto,27819.0,279.0,1996.0,2149.0,2270.0,2215.0,1887.0,1677.0,1858.0,1951.0,2197.0,9340.0,comuna,comuna,Mujer,15161.0,1.840248004749027,16204.0,12.317946186126882,18317.0,11.732270568324507,19267.0,11.781803082991644,17034.0,13.003404954796292,14960.0,12.613636363636363,13468.0,12.451737451737452,14808.0,12.5472717450027,16370.0,11.918142944410507,16202.0,13.560054314282189,34260.0,27.26211325160537,196051.0,14.189675135551463
2025,comuna,14,Servicio de Salud Metropolitano Sur Oriente,13202,Pirque,2861.0,2.0,149.0,158.0,156.0,176.0,174.0,207.0,210.0,267.0,252.0,1110.0,comuna,comuna,Mujer,817.0,0.24479804161566704,828.0,17.995169082125603,931.0,16.970998925886143,1000.0,15.6,972.0,18.106995884773664,846.0,20.56737588652482,821.0,25.213154689403165,872.0,24.08256880733945,884.0,30.20361990950226,895.0,28.156424581005584,1989.0,55.80693815987934,10855.0,26.35651773376324
2025,comuna,14,Servicio de Salud Metropolitano Sur Oriente,13203,San José de Maipo,203.0,3.0,21.0,16.0,18.0,14.0,17.0,14.0,10.0,12.0,14.0,64.0,comuna,comuna,Mujer,95.0,3.1578947368421053,82.0,25.609756097560975,97.0,16.49484536082474,102.0,17.647058823529413,119.0,11.76470588235294,110.0,15.454545454545453,101.0,13.861386138613863,98.0,10.204081632653061,109.0,11.009174311926607,113.0,12.389380530973451,207.0,30.917874396135264,1233.0,16.463909164639094
